Workbook

Sheet population
A1: Country | B1: Population | C1: airport count | D1: Airport/Population_Scaled | E1: Population/Airport
A2: Afghanistan | B2: 41454762 | C2: =VLOOKUP(population!A2,Airport_Count!$A$2:$B$219,2,FALSE) -> 4 | D2: =(C2*(10^6))/B2 -> 0.096490724 | E2: =B2/C2 -> 10363690
A3: Albania | B3: 2811660 | C3: =VLOOKUP(population!A3,Airport_Count!$A$2:$B$219,2,FALSE) -> 1 | D3: =(C3*(10^6))/B3 -> 0.35566178 | E3: =B3/C3 -> 2811660
A4: Algeria | B4: 46164222 | C4: =VLOOKUP(population!A4,Airport_Count!$A$2:$B$219,2,FALSE) -> 9 | D4: =(C4*(10^6))/B4 -> 0.19495617 | E4: =B4/C4 -> 5129358
A5: American Samoa | B5: 47544 | C5: =VLOOKUP(population!A5,Airport_Count!$A$2:$B$219,2,FALSE) -> #N/A | D5: =B5/C5 -> #N/A
A6: Andorra | B6: 80869 | C6: =VLOOKUP(population!A6,Airport_Count!$A$2:$B$219,2,FALSE) -> #N/A | D6: =B6/C6 -> #N/A
A7: Angola | B7: 36749909 | C7: =VLOOKUP(population!A7,Airport_Count!$A$2:$B$219,2,FALSE) -> 1 | D7: =(C7*(10^6))/B7 -> 0.027210952 | E7: =B7/C7 -> 36749909
A8: Anguilla | B8: 14435 | C8: =VLOOKUP(population!A8,Airport_Count!$A$2:$B$219,2,FALSE) -> 1 | D8: =(C8*(10^6))/B8 -> 69.276065 | E8: =B8/C8 -> 14435
A9: Antigua and Barbuda | B9: 93331 | C9: =VLOOKUP(population!A9,Airport_Count!$A$2:$B$219,2,FALSE) -> 1 | D9: =(C9*(10^6))/B9 -> 10.714554 | E9: =B9/C9 -> 93331
A10: Argentina | B10: 45538402 | C10: =VLOOKUP(population!A10,Airport_Count!$A$2:$B$219,2,FALSE) -> 4 | D10: =(C10*(10^6))/B10 -> 0.087837953 | E10: =B10/C10 -> 11384600
A11: Armenia | B11: 2943398 | C11: =VLOOKUP(population!A11,Airport_Count!$A$2:$B$219,2,FALSE) -> 1 | D11: =(C11*(10^6))/B11 -> 0.33974339 | E11: =B11/C11 -> 2943398
A12: Aruba | B12: 107946 | C12: =VLOOKUP(population!A12,Airport_Count!$A$2:$B$219,2,FALSE) -> 1 | D12: =(C12*(10^6))/B12 -> 9.2638912 | E12: =B12/C12 -> 107946
A13: Australia | B13: 26451126 | C13: =VLOOKUP(population!A13,Airport_Count!$A$2:$B$219,2,FALSE) -> 8 | D13: =(C13*(10^6))/B13 -> 0.30244459 | E13: =B13/C13 -> 3306390.8
A14: Austria | B14: 9130434 | C14: =VLOOKUP(population!A14,Airport_Count!$A$2:$B$219,2,FALSE) -> 6 | D14: =(C14*(10^6))/B14 -> 0.65714291 | E14: =B14/C14 -> 1521739
A15: Azerbaijan | B15: 10318209 | C15: =VLOOKUP(population!A15,Airport_Count!$A$2:$B$219,2,FALSE) -> 3 | D15: =(C15*(10^6))/B15 -> 0.29074813 | E15: =B15/C15 -> 3439403
A16: Bahamas | B16: 399452 | C16: =VLOOKUP(population!A16,Airport_Count!$A$2:$B$219,2,FALSE) -> 9 | D16: =(C16*(10^6))/B16 -> 22.530867 | E16: =B16/C16 -> 44383.556
A17: Bahrain | B17: 1569674 | C17: =VLOOKUP(population!A17,Airport_Count!$A$2:$B$219,2,FALSE) -> 1 | D17: =(C17*(10^6))/B17 -> 0.63707496 | E17: =B17/C17 -> 1569674
A18: Bangladesh | B18: 171466986 | C18: =VLOOKUP(population!A18,Airport_Count!$A$2:$B$219,2,FALSE) -> 3 | D18: =(C18*(10^6))/B18 -> 0.017496079 | E18: =B18/C18 -> 57155662
... A26: Bolivia | B26: 12244161 | C26: =VLOOKUP(population!A26,Airport_Count!$A$2:$B$219,2,FALSE) -> 2 | D26: =(C26*(10^6))/B26 -> 0.16334316 | E26: =B26/C26 -> 6122080.5
A27: Bonaire Sint Eustatius and Saba | B27: 29920 | C27: =VLOOKUP(population!A27,Airport_Count!$A$2:$B$219,2,FALSE) -> #N/A | D27: =B27/C27 -> #N/A
A28: Bosnia and Herzegovina | B28: 3185072 | C28: =VLOOKUP(population!A28,Airport_Count!$A$2:$B$219,2,FALSE) -> 3 | D28: =(C28*(10^6))/B28 -> 0.94189394 | E28: =B28/C28 -> 1061690.7
A29: Botswana | B29: 2480242 | C29: =VLOOKUP(population!A29,Airport_Count!$A$2:$B$219,2,FALSE) -> 3 | D29: =(C29*(10^6))/B29 -> 1.2095594 | E29: =B29/C29 -> 826747.33
A30: Brazil | B30: 211140731 | C30: =VLOOKUP(population!A30,Airport_Count!$A$2:$B$219,2,FALSE) -> 13 | D30: =(C30*(10^6))/B30 -> 0.061570309 | E30: =B30/C30 -> 16241595
A31: British Virgin Islands | B31: 39009 | C31: =VLOOKUP(population!A31,Airport_Count!$A$2:$B$219,2,FALSE) -> 2 | D31: =(C31*(10^6))/B31 -> 51.27022 | E31: =B31/C31 -> 19504.5
A32: Brunei | B32: 458959 | C32: =VLOOKUP(population!A32,Airport_Count!$A$2:$B$219,2,FALSE) -> 1 | D32: =(C32*(10^6))/B32 -> 2.1788439 | E32: =B32/C32 -> 458959
A33: Bulgaria | B33: 6795805 | C33: =VLOOKUP(population!A33,Airport_Count!$A$2:$B$219,2,FALSE) -> 4 | D33: =(C33*(10^6))/B33 -> 0.58859841 | E33: =B33/C33 -> 1698951.2
A34: Burkina Faso | B34: 23025777 | C34: =VLOOKUP(population!A34,Airport_Count!$A$2:$B$219,2,FALSE) -> 1 | D34: =(C34*(10^6))/B34 -> 0.043429588 | E34: =B34/C34 -> 23025777
A35: Burundi | B35: 13689455 | C35: =VLOOKUP(population!A35,Airport_Count!$A$2:$B$219,2,FALSE) -> 1 | D35: =(C35*(10^6))/B35 -> 0.073048927 | E35: =B35/C35 -> 13689455
A36: Cambodia | B36: 17423884 | C36: =VLOOKUP(population!A36,Airport_Count!$A$2:$B$219,2,FALSE) -> 2 | D36: =(C36*(10^6))/B36 -> 0.11478497 | E36: =B36/C36 -> 8711942
A37: Cameroon | B37: 28372690 | C37: =VLOOKUP(population!A37,Airport_Count!$A$2:$B$219,2,FALSE) -> 2 | D37: =(C37*(10^6))/B37 -> 0.07049032 | E37: =B37/C37 -> 14186345
A38: Canada | B38: 39299098 | C38: =VLOOKUP(population!A38,Airport_Count!$A$2:$B$219,2,FALSE) -> 19 | D38: =(C38*(10^6))/B38 -> 0.48347166 | E38: =B38/C38 -> 2068373.6
A39: Cape Verde | B39: 522335 | C39: =VLOOKUP(population!A39,Airport_Count!$A$2:$B$219,2,FALSE) -> 4 | D39: =(C39*(10^6))/B39 -> 7.6579207 | E39: =B39/C39 -> 130583.75
... A46: Comoros | B46: 850390 | C46: =VLOOKUP(population!A46,Airport_Count!$A$2:$B$219,2,FALSE) -> 1 | D46: =(C46*(10^6))/B46 -> 1.175931 | E46: =B46/C46 -> 850390
A47: Congo | B47: 6182890 | C47: =VLOOKUP(population!A47,Airport_Count!$A$2:$B$219,2,FALSE) -> #N/A | D47: =B47/C47 -> #N/A
A48: Cook Islands | B48: 14244 | C48: =VLOOKUP(population!A48,Airport_Count!$A$2:$B$219,2,FALSE) -> 1 | D48: =(C48*(10^6))/B48 -> 70.204999 | E48: =B48/C48 -> 14244
A49: Costa Rica | B49: 5105526 | C49: =VLOOKUP(population!A49,Airport_Count!$A$2:$B$219,2,FALSE) -> 2 | D49: =(C49*(10^6))/B49 -> 0.39173241 | E49: =B49/C49 -> 2552763
A50: Cote d'Ivoire | B50: 31165653 | C50: =VLOOKUP(population!A50,Airport_Count!$A$2:$B$219,2,FALSE) -> 1 | D50: =(C50*(10^6))/B50 -> 0.032086605 | E50: =B50/C50 -> 31165653
A51: Croatia | B51: 3896023 | C51: =VLOOKUP(population!A51,Airport_Count!$A$2:$B$219,2,FALSE) -> 6 | D51: =(C51*(10^6))/B51 -> 1.540032 | E51: =B51/C51 -> 649337.17
A52: Cuba | B52: 11019932 | C52: =VLOOKUP(population!A52,Airport_Count!$A$2:$B$219,2,FALSE) -> 7 | D52: =(C52*(10^6))/B52 -> 0.63521263 | E52: =B52/C52 -> 1574276
A53: Curacao | B53: 185437 | C53: =VLOOKUP(population!A53,Airport_Count!$A$2:$B$219,2,FALSE) -> #N/A | D53: =B53/C53 -> #N/A
A54: Cyprus | B54: 1344981 | C54: =VLOOKUP(population!A54,Airport_Count!$A$2:$B$219,2,FALSE) -> 3 | D54: =(C54*(10^6))/B54 -> 2.2305148 | E54: =B54/C54 -> 448327
A55: Czechia | B55: 10809722 | C55: =VLOOKUP(population!A55,Airport_Count!$A$2:$B$219,2,FALSE) -> 4 | D55: =(C55*(10^6))/B55 -> 0.37003727 | E55: =B55/C55 -> 2702430.5
A56: Democratic Republic of Congo | B56: 105789733 | C56: =VLOOKUP(population!A56,Airport_Count!$A$2:$B$219,2,FALSE) -> 2 | D56: =(C56*(10^6))/B56 -> 0.018905426 | E56: =B56/C56 -> 52894866
A57: Denmark | B57: 5948134 | C57: =VLOOKUP(population!A57,Airport_Count!$A$2:$B$219,2,FALSE) -> 4 | D57: =(C57*(10^6))/B57 -> 0.67247981 | E57: =B57/C57 -> 1487033.5
A58: Djibouti | B58: 1152951 | C58: =VLOOKUP(population!A58,Airport_Count!$A$2:$B$219,2,FALSE) -> 1 | D58: =(C58*(10^6))/B58 -> 0.86733955 | E58: =B58/C58 -> 1152951
A59: Dominica | B59: 66531 | C59: =VLOOKUP(population!A59,Airport_Count!$A$2:$B$219,2,FALSE) -> 1 | D59: =(C59*(10^6))/B59 -> 15.030587 | E59: =B59/C59 -> 66531
A60: Dominican Republic | B60: 11331269 | C60: =VLOOKUP(population!A60,Airport_Count!$A$2:$B$219,2,FALSE) -> 7 | D60: =(C60*(10^6))/B60 -> 0.61775958 | E60: =B60/C60 -> 1618752.7
A61: East Timor | B61: 1384292 | C61: =VLOOKUP(population!A61,Airport_Count!$A$2:$B$219,2,FALSE) -> #N/A | D61: =B61/C61 -> #N/A
A62: Ecuador | B62: 17980079 | C62: =VLOOKUP(population!A62,Airport_Count!$A$2:$B$219,2,FALSE) -> 2 | D62: =(C62*(10^6))/B62 -> 0.11123422 | E62: =B62/C62 -> 8990039.5
A63: Egypt | B63: 114535772 | C63: =VLOOKUP(population!A63,Airport_Count!$A$2:$B$219,2,FALSE) -> 8 | D63: =(C63*(10^6))/B63 -> 0.069847174 | E63: =B63/C63 -> 14316972
A64: El Salvador | B64: 6309629 | C64: =VLOOKUP(population!A64,Airport_Count!$A$2:$B$219,2,FALSE) -> 1 | D64: =(C64*(10^6))/B64 -> 0.15848792 | E64: =B64/C64 -> 6309629
A65: Equatorial Guinea | B65: 1847556 | C65: =VLOOKUP(population!A65,Airport_Count!$A$2:$B$219,2,FALSE) -> 1 | D65: =(C65*(10^6))/B65 -> 0.54125558 | E65: =B65/C65 -> 1847556
A66: Eritrea | B66: 3470391 | C66: =VLOOKUP(population!A66,Airport_Count!$A$2:$B$219,2,FALSE) -> 1 | D66: =(C66*(10^6))/B66 -> 0.28815197 | E66: =B66/C66 -> 3470391
A67: Estonia | B67: 1367195 | C67: =VLOOKUP(population!A67,Airport_Count!$A$2:$B$219,2,FALSE) -> 2 | D67: =(C67*(10^6))/B67 -> 1.4628491 | E67: =B67/C67 -> 683597.5
A68: Eswatini | B68: 1230507 | C68: =VLOOKUP(population!A68,Airport_Count!$A$2:$B$219,2,FALSE) -> #N/A | D68: =B68/C68 -> #N/A
A69: Ethiopia | B69: 128691695 | C69: =VLOOKUP(population!A69,Airport_Count!$A$2:$B$219,2,FALSE) -> 1 | D69: =(C69*(10^6))/B69 -> 0.0077705092 | E69: =B69/C69 -> 128691695
A70: Falkland Islands | B70: 3498 | C70: =VLOOKUP(population!A70,Airport_Count!$A$2:$B$219,2,FALSE) -> #N/A | D70: =B70/C70 -> #N/A
A71: Faroe Islands | B71: 54738 | C71: =VLOOKUP(population!A71,Airport_Count!$A$2:$B$219,2,FALSE) -> 1 | D71: =(C71*(10^6))/B71 -> 18.268844 | E71: =B71/C71 -> 54738
A72: Fiji | B72: 924150 | C72: =VLOOKUP(population!A72,Airport_Count!$A$2:$B$219,2,FALSE) -> 2 | D72: =(C72*(10^6))/B72 -> 2.1641508 | E72: =B72/C72 -> 462075
A73: Finland | B73: 5601185 | C73: =VLOOKUP(population!A73,Airport_Count!$A$2:$B$219,2,FALSE) -> 6 | D73: =(C73*(10^6))/B73 -> 1.0712019 | E73: =B73/C73 -> 933530.83
A74: France | B74: 66438828 | C74: =VLOOKUP(population!A74,Airport_Count!$A$2:$B$219,2,FALSE) -> 40 | D74: =(C74*(10^6))/B74 -> 0.60205758 | E74: =B74/C74 -> 1660970.7
A75: French Guiana | B75: 303408 | C75: =VLOOKUP(population!A75,Airport_Count!$A$2:$B$219,2,FALSE) -> 1 | D75: =(C75*(10^6))/B75 -> 3.295892 | E75: =B75/C75 -> 303408
A76: French Polynesia | B76: 281125 | C76: =VLOOKUP(population!A76,Airport_Count!$A$2:$B$219,2,FALSE) -> 1 | D76: =(C76*(10^6))/B76 -> 3.5571365 | E76: =B76/C76 -> 281125
A77: Gabon | B77: 2484790 | C77: =VLOOKUP(population!A77,Airport_Count!$A$2:$B$219,2,FALSE) -> 1 | D77: =(C77*(10^6))/B77 -> 0.4024485 | E77: =B77/C77 -> 2484790
A78: Gambia | B78: 2697846 | C78: =VLOOKUP(population!A78,Airport_Count!$A$2:$B$219,2,FALSE) -> 1 | D78: =(C78*(10^6))/B78 -> 0.37066608 | E78: =B78/C78 -> 2697846
A79: Georgia | B79: 3807494 | C79: =VLOOKUP(population!A79,Airport_Count!$A$2:$B$219,2,FALSE) -> 3 | D79: =(C79*(10^6))/B79 -> 0.78791982 | E79: =B79/C79 -> 1269164.7
A80: Germany | B80: 84548233 | C80: =VLOOKUP(population!A80,Airport_Count!$A$2:$B$219,2,FALSE) -> 27 | D80: =(C80*(10^6))/B80 -> 0.31934434 | E80: =B80/C80 -> 3131416
A81: Ghana | B81: 33787916 | C81: =VLOOKUP(population!A81,Airport_Count!$A$2:$B$219,2,FALSE) -> 1 | D81: =(C81*(10^6))/B81 -> 0.02959638 | E81: =B81/C81 -> 33787916
A82: Gibraltar | B82: 38493 | C82: =VLOOKUP(population!A82,Airport_Count!$A$2:$B$219,2,FALSE) -> 1 | D82: =(C82*(10^6))/B82 -> 25.978749 | E82: =B82/C82 -> 38493
... A112: Kiribati | B112: 132540 | C112: =VLOOKUP(population!A112,Airport_Count!$A$2:$B$219,2,FALSE) -> 2 | D112: =(C112*(10^6))/B112 -> 15.089784 | E112: =B112/C112 -> 66270
A113: Kosovo | B113: 1700039 | C113: =VLOOKUP(population!A113,Airport_Count!$A$2:$B$219,2,FALSE) -> #N/A | D113: =B113/C113 -> #N/A
A114: Kosovo | B114: 1667864 | C114: 1 | D114: =(C114*(10^6))/B114 -> 0.59956927 | E114: =B114/C114 -> 1667864
A115: Kuwait | B115: 4838781 | C115: =VLOOKUP(population!A115,Airport_Count!$A$2:$B$219,2,FALSE) -> 1 | D115: =(C115*(10^6))/B115 -> 0.20666362 | E115: =B115/C115 -> 4838781
A116: Kyrgyzstan | B116: 7073523 | C116: =VLOOKUP(population!A116,Airport_Count!$A$2:$B$219,2,FALSE) -> 2 | D116: =(C116*(10^6))/B116 -> 0.28274454 | E116: =B116/C116 -> 3536761.5
A117: Laos | B117: 7665001 | C117: =VLOOKUP(population!A117,Airport_Count!$A$2:$B$219,2,FALSE) -> 3 | D117: =(C117*(10^6))/B117 -> 0.39138938 | E117: =B117/C117 -> 2555000.3
A118: Latvia | B118: 1882399 | C118: =VLOOKUP(population!A118,Airport_Count!$A$2:$B$219,2,FALSE) -> 1 | D118: =(C118*(10^6))/B118 -> 0.531237 | E118: =B118/C118 -> 1882399
A119: Lebanon | B119: 5773494 | C119: =VLOOKUP(population!A119,Airport_Count!$A$2:$B$219,2,FALSE) -> 1 | D119: =(C119*(10^6))/B119 -> 0.17320534 | E119: =B119/C119 -> 5773494
A120: Lesotho | B120: 2311476 | C120: =VLOOKUP(population!A120,Airport_Count!$A$2:$B$219,2,FALSE) -> #N/A | D120: =B120/C120 -> #N/A
A121: Liberia | B121: 5493035 | C121: =VLOOKUP(population!A121,Airport_Count!$A$2:$B$219,2,FALSE) -> 2 | D121: =(C121*(10^6))/B121 -> 0.36409744 | E121: =B121/C121 -> 2746517.5
A122: Libya | B122: 7305659 | C122: =VLOOKUP(population!A122,Airport_Count!$A$2:$B$219,2,FALSE) -> 4 | D122: =(C122*(10^6))/B122 -> 0.54752076 | E122: =B122/C122 -> 1826414.8
A123: Liechtenstein | B123: 39622 | C123: =VLOOKUP(population!A123,Airport_Count!$A$2:$B$219,2,FALSE) -> #N/A | D123: =B123/C123 -> #N/A
A124: Lithuania | B124: 2854104 | C124: =VLOOKUP(population!A124,Airport_Count!$A$2:$B$219,2,FALSE) -> 3 | D124: =(C124*(10^6))/B124 -> 1.051118 | E124: =B124/C124 -> 951368
A125: Luxembourg | B125: 665101 | C125: =VLOOKUP(population!A125,Airport_Count!$A$2:$B$219,2,FALSE) -> 1 | D125: =(C125*(10^6))/B125 -> 1.503531 | E125: =B125/C125 -> 665101
A126: Macao | B126: 713916 | C126: =VLOOKUP(population!A126,Airport_Count!$A$2:$B$219,2,FALSE) -> #N/A | D126: =B126/C126 -> #N/A
A127: Madagascar | B127: 31195937 | C127: =VLOOKUP(population!A127,Airport_Count!$A$2:$B$219,2,FALSE) -> 5 | D127: =(C127*(10^6))/B127 -> 0.16027728 | E127: =B127/C127 -> 6239187.4
A128: Malawi | B128: 21104480 | C128: =VLOOKUP(population!A128,Airport_Count!$A$2:$B$219,2,FALSE) -> 2 | D128: =(C128*(10^6))/B128 -> 0.094766609 | E128: =B128/C128 -> 10552240
A129: Malaysia | B129: 35126295 | C129: =VLOOKUP(population!A129,Airport_Count!$A$2:$B$219,2,FALSE) -> 11 | D129: =(C129*(10^6))/B129 -> 0.31315571 | E129: =B129/C129 -> 3193299.5
A130: Maldives | B130: 526009 | C130: =VLOOKUP(population!A130,Airport_Count!$A$2:$B$219,2,FALSE) -> 1 | D130: =(C130*(10^6))/B130 -> 1.9011082 | E130: =B130/C130 -> 526009
A131: Mali | B131: 23769130 | C131: =VLOOKUP(population!A131,Airport_Count!$A$2:$B$219,2,FALSE) -> 1 | D131: =(C131*(10^6))/B131 -> 0.042071376 | E131: =B131/C131 -> 23769130
A132: Malta | B132: 532964 | C132: =VLOOKUP(population!A132,Airport_Count!$A$2:$B$219,2,FALSE) -> 1 | D132: =(C132*(10^6))/B132 -> 1.8762993 | E132: =B132/C132 -> 532964
A133: Marshall Islands | B133: 38849 | C133: =VLOOKUP(population!A133,Airport_Count!$A$2:$B$219,2,FALSE) -> 2 | D133: =(C133*(10^6))/B133 -> 51.481377 | E133: =B133/C133 -> 19424.5
A134: Martinique | B134: 346008 | C134: =VLOOKUP(population!A134,Airport_Count!$A$2:$B$219,2,FALSE) -> 1 | D134: =(C134*(10^6))/B134 -> 2.8901066 | E134: =B134/C134 -> 346008
A135: Mauritania | B135: 5022442 | C135: =VLOOKUP(population!A135,Airport_Count!$A$2:$B$219,2,FALSE) -> 2 | D135: =(C135*(10^6))/B135 -> 0.39821266 | E135: =B135/C135 -> 2511221
A136: Mauritius | B136: 1273591 | C136: =VLOOKUP(population!A136,Airport_Count!$A$2:$B$219,2,FALSE) -> 1 | D136: =(C136*(10^6))/B136 -> 0.78518143 | E136: =B136/C136 -> 1273591
A137: Mayotte | B137: 316028 | C137: =VLOOKUP(population!A137,Airport_Count!$A$2:$B$219,2,FALSE) -> 1 | D137: =(C137*(10^6))/B137 -> 3.1642766 | E137: =B137/C137 -> 316028
A138: Mexico | B138: 129739761 | C138: =VLOOKUP(population!A138,Airport_Count!$A$2:$B$219,2,FALSE) -> 24 | D138: =(C138*(10^6))/B138 -> 0.1849857 | E138: =B138/C138 -> 5405823.4
A139: Moldova | B139: 3067072 | C139: =VLOOKUP(population!A139,Airport_Count!$A$2:$B$219,2,FALSE) -> 1 | D139: =(C139*(10^6))/B139 -> 0.32604386 | E139: =B139/C139 -> 3067072
A140: Monaco | B140: 38979 | C140: =VLOOKUP(population!A140,Airport_Count!$A$2:$B$219,2,FALSE) -> #N/A | D140: =B140/C140 -> #N/A
A141: Mongolia | B141: 3431938 | C141: =VLOOKUP(population!A141,Airport_Count!$A$2:$B$219,2,FALSE) -> 2 | D141: =(C141*(10^6))/B141 -> 0.58276111 | E141: =B141/C141 -> 1715969
A142: Montenegro | B142: 633553 | C142: =VLOOKUP(population!A142,Airport_Count!$A$2:$B$219,2,FALSE) -> 2 | D142: =(C142*(10^6))/B142 -> 3.1567998 | E142: =B142/C142 -> 316776.5
...

Sheet Airport_Count
A1: Country | B1: Airport_Count
A2: Afghanistan | B2: 4
A3: Albania | B3: 1
A4: Algeria | B4: 9
A5: Angola | B5: 1
A6: Anguilla | B6: 1
A7: Antigua and Barbuda | B7: 1
A8: Argentina | B8: 4
A9: Armenia | B9: 1
A10: Aruba | B10: 1
A11: Australia | B11: 8
A12: Austria | B12: 6
A13: Azerbaijan | B13: 3
... A219: Zimbabwe | B219: 3

Sheet Number_of_Routes
A1: country | B1: num_countries_connected | C1: total_routes
A2: France | B2: 115 | C2: 873
A3: United Kingdom | B3: 99 | C3: 1282
A4: Germany | B4: 97 | C4: 1260
A5: United States | B5: 92 | C5: 1057
A6: United Arab Emirates | B6: 91 | C6: 384
A7: Turkey | B7: 90 | C7: 412
A8: Netherlands | B8: 81 | C8: 329
A9: Italy | B9: 77 | C9: 873
A10: Spain | B10: 73 | C10: 1055
A11: Russia | B11: 70 | C11: 566
A12: Canada | B12: 65 | C12: 324
A13: China | B13: 63 | C13: 580
... A219: Saint Pierre and Miquelon | B219: 1 | C219: 3

Sheet Geometry
A1: geometry | B1: Country name
A2: {"type":"MultiPolygon","coordinates":[[[[117.703608,4.163415],[117.838552,4.040188],[117.907039,4.156683],[117.703608,4.163415]]],[[[124.450531,-9.18019],[124.427939,-9.299483],[124.210692,-9.378858],[124.010102,-9.343927],[123.688813,-9.611423],[123.583751,-9.944024],[123.764659,-10.074965],[123.515391,-10.213067],[123.536469,-10.331964],[123.799327,-10.374688],[124.033865,-10.276137],[124.122406,-10.17254],[124.38087,-10.170505],[124.734548,-9.899509],[124.979747,-9.649021],[125.061615,-9.485772],[124.957933,-9.211943],[125.150634,-9.185381],[125.162365,-9.060634],[124.933025,-9.074484],[124.919507,-8.962016],[124.450531,-9.18019]]],[[[117.567149,4.159654],[117.43648,4.185611],[117.202696,4.356066],[116.804477,4.330073],[116.711666,4.366789],[116.411323,4.288654],[116.310657,4.383377],[116.125759,4.378907],[116.020649,4.270852],[115.844122,4.389216],[115.770742,4.225609],[115.646925,4.169101],[115.544399,3.629159],[115.601243,3.430231],[115.517631,3.357161],[115.464094,3.030824],[115.242092,3.041624],[115.069079,2.832645],[115.05647,2.608627],[115.206125,2.509874],[114.778761,2.247202],[114.831988,1.902521],[114.679542,1.840741],[114.669,1.694006],[114.545597,1.434952],[114.374858,1.506938],[114.173423,1.420509],[113.909667,1.442471],[113.624826,1.227575],[113.089045,1.431335],[112.973186,1.569854],[112.801517,1.543783],[112.470478,1.567657],[112.161556,1.434539],[112.09293,1.143135],[111.910099,1.114042],[111.823076,1.008467],[111.622675,1.030274],[111.503199,0.958444],[111.197584,1.075233],[110.880394,1.010534],[110.776731,0.903253],[110.553903,0.85137],[110.263481,0.994307],[110.17036,1.174451],[110.051814,1.215482],[109.65804,1.59719],[109.641814,1.781004],[109.528436,1.889989],[109.645274,2.083238],[109.578868,1.997626],[109.340994,1.935533],[109.272227,1.693793],[109.073009,1.533922],[109.054373,1.35224],[108.924327,1.164008],[108.980805,0.956041],[108.855479,0.832221],[108.931163,0.616197],[108.920909,0.340277],[109.102306,0.243109],[109.166759,0.112291],[109.190603,-0.188735],[109.100597,-0.369724],[109.139415,-0.528578],[109.26238,-0.592462],[109.273204,-0.853611],[109.427989,-0.846612],[109.740489,-0.967543],[110.061371,-1.346368],[110.033946,-1.646173],[109.903819,-1.826104],[110.09254,-1.94964],[110.097179,-2.235772],[110.221039,-2.53281],[110.263194,-3.002862],[110.54949,-2.867608],[110.630626,-3.053318],[110.754242,-3.026056],[110.986176,-3.087498],[111.363048,-2.922947],[111.569835,-3.01572],[111.703461,-2.943617],[111.83253,-3.061619],[111.842947,-3.384454],[111.905284,-3.572035],[112.202891,-3.329522],[112.348969,-3.322849],[112.545095,-3.444268],[112.638031,-3.416762],[113.021495,-3.16253],[113.201671,-3.093032],[113.351085,-3.272393],[113.611501,-3.174249],[113.632498,-3.456801],[113.814708,-3.455255],[114.042003,-3.355564],[114.26352,-3.397556],[114.522309,-3.519301],[114.611095,-3.683852],[114.664317,-4.184177],[115.060313,-3.985772],[115.583344,-3.780532],[115.858165,-3.620212],[115.967947,-3.608819],[116.023448,-3.411798],[116.167247,-3.156345],[116.161388,-3.003513],[116.287608,-2.987074],[116.364757,-2.861423],[116.393077,-2.573989],[116.517914,-2.553888],[116.603282,-2.224216],[116.37086,-2.137872],[116.457856,-2.042413],[116.424815,-1.766371],[116.540212,-1.622735],[116.567638,-1.446547],[116.957693,-1.239923],[117.250336,-0.909275],[117.446544,-0.877048],[117.55128,-0.68963],[117.630138,-0.418715],[117.435069,-0.239679],[117.530284,-0.032322],[117.469981,0.108791],[117.517263,0.290961],[117.743175,0.740546],[118.09669,0.908637],[118.565278,0.804023],[118.798188,0.804918],[119.011729,0.976264],[118.856944,1.058173],[118.754161,1.22956],[118.425059,1.485745],[118.12672,1.65469],[118.046153,1.783108],[117.85727,1.89765],[117.955414,2.182278],[118.082205,2.33747],[117.826182,2.607408],[117.736339,2.901597],[117.617198,3.085883],[117.352712,3.182807],[117.32545,3.436021],[117.199229,3.616278],[117.748546,3.636949],[117.826182,3.703599],[117.688487,3.909003],[117.520274,4.049302],[117.567149,4.159654]]],[[[140.974457,-2.600518],[140.698578,-2.608168],[140.74464,-2.499119],[140.15797,-2.320896],[139.780772,-2.354669],[139.1067,-2.012791],[138.842784,-1.94964],[138.665212,-1.789158],[138.07488,-1.610284],[137.839122,-1.471124],[137.123546,-1.797459],[137.204845,-1.94964],[137.178477,-2.106134],[136.981456,-2.12656],[136.749278,-2.252048],[136.532563,-2.189874],[136.38087,-2.234063],[136.266368,-2.560317],[135.96461,-2.775811],[135.909923,-2.985772],[135.757335,-3.055841],[135.505382,-3.348077],[135.340831,-3.389744],[135.002126,-3.336114],[134.898936,-3.262791],[134.772227,-2.977634],[134.701345,-2.958673],[134.638438,-2.511163],[134.484386,-2.539321],[134.532725,-2.834161],[134.463878,-2.862074],[134.330251,-2.522231],[134.19337,-2.379083],[134.120616,-2.135349],[134.155528,-2.039483],[134.087087,-1.682794],[134.215831,-1.560317],[134.281993,-1.350193],[134.036143,-0.957778],[134.17213,-0.863865],[133.977224,-0.72324],[133.572765,-0.750909],[133.391612,-0.72324],[133.154796,-0.531996],[132.709158,-0.36004],[132.396658,-0.353448],[132.15089,-0.435724],[131.876475,-0.68963],[131.516775,-0.785252],[131.243012,-0.819431],[131.236176,-1.117283],[131.03004,-1.275567],[130.977306,-1.452895],[131.57309,-1.480157],[131.804861,-1.607599],[132.04835,-2.083185],[132.305675,-2.265558],[132.560395,-2.185642],[132.688731,-2.307224],[133.296153,-2.204197],[133.645763,-2.236017],[133.858165,-2.107354],[133.963552,-2.32643],[133.819591,-2.477227],[133.518728,-2.589614],[133.445567,-2.494724],[133.239594,-2.416762],[133.033539,-2.479425],[132.853038,-2.717462],[132.728282,-2.813165],[132.585704,-2.717462],[132.311778,-2.676446],[132.044444,-2.803399],[132.101248,-2.959893],[132.325694,-2.946547],[132.553071,-3.107029],[132.671153,-3.328546],[132.931814,-3.554132],[132.730968,-3.682306],[132.907725,-4.088149],[133.250987,-4.066827],[133.45338,-3.865411],[133.408865,-3.722426],[133.641449,-3.483657],[133.838145,-3.590427],[133.971039,-3.850274],[134.192638,-3.835545],[134.191173,-3.943536],[134.430431,-3.90781],[134.525238,-4.026462],[134.675792,-3.90838],[134.733409,-4.197524],[134.906586,-4.264093],[135.185557,-4.448907],[135.429535,-4.430434],[135.95045,-4.50628],[136.035818,-4.586033],[136.375662,-4.68377],[136.822113,-4.928318],[136.946544,-4.917657],[137.369151,-5.026462],[137.690684,-5.211358],[137.914561,-5.386895],[138.054861,-5.589614],[138.071056,-5.728611],[138.262462,-5.914727],[138.365489,-6.091729],[138.466075,-6.402114],[138.829112,-6.705987],[138.739757,-6.897149],[138.561534,-6.918634],[138.761974,-7.113865],[138.667491,-7.197849],[138.865489,-7.336033],[138.944347,-7.497003],[139.093028,-7.559991],[139.007172,-7.754327],[138.993988,-7.865492],[138.915375,-7.903253],[138.925304,-8.070489],[138.842784,-8.117446],[138.914399,-8.292087],[139.089529,-8.133559],[139.395193,-8.200942],[139.630544,-8.124933],[139.973643,-8.096938],[139.988129,-8.192478],[140.363455,-8.490818],[140.856944,-9.049086],[140.97698,-9.106134],[140.977162,-6.896632],[140.8504,-6.623574],[140.950187,-6.498724],[140.976904,-6.335116],[140.974457,-2.600518]]],[[[109.906016,-7.83766],[110.476736,-8.111912],[111.161957,-8.281915],[111.276134,-8.248305],[111.630544,-8.3235],[111.792003,-8.256524],[111.970714,-8.277765],[112.672699,-8.447035],[113.026703,-8.302992],[113.240733,-8.280938],[113.413585,-8.390232],[113.979991,-8.620212],[114.302582,-8.611912],[114.366954,-8.741469],[114.555349,-8.777927],[114.358653,-8.409112],[114.467296,-7.830987],[114.045584,-7.611993],[113.785899,-7.726332],[113.528575,-7.700372],[113.32309,-7.785577],[112.761485,-7.531183],[112.823253,-7.262628],[112.614106,-7.091241],[112.542817,-6.917576],[112.435232,-6.870538],[112.083995,-6.90602],[111.976248,-6.784845],[111.740408,-6.781671],[111.493419,-6.623468],[111.366384,-6.712009],[111.144379,-6.691827],[111.010753,-6.420994],[110.842296,-6.418064],[110.671072,-6.499933],[110.644705,-6.688165],[110.486176,-6.937921],[110.381033,-6.975681],[110.212576,-6.899998],[109.940684,-6.923435],[109.531993,-6.835138],[109.351899,-6.875665],[108.944835,-6.849379],[108.605479,-6.761651],[108.539561,-6.486912],[108.186557,-6.231193],[108.093683,-6.326847],[107.895624,-6.231025],[107.678224,-6.238023],[107.470268,-6.145432],[107.354136,-5.975995],[107.169688,-5.97975],[107.005138,-6.072361],[106.793224,-6.104099],[106.685395,-6.012465],[106.470063,-6.034356],[106.298839,-5.945001],[106.15919,-6.009535],[106.052745,-5.881036],[105.867198,-6.110121],[105.824091,-6.434646],[105.440684,-6.794122],[105.535121,-6.872327],[105.978706,-6.817712],[106.333018,-7.000746],[106.540504,-7.054612],[106.386078,-7.230645],[106.522662,-7.410957],[107.411388,-7.495864],[107.864534,-7.74513],[108.453711,-7.818501],[108.539561,-7.692315],[109.098146,-7.686861],[109.368826,-7.713474],[109.42628,-7.774184],[109.906016,-7.83766]]],[[[119.846528,-0.874607],[119.68214,-0.736912],[119.525157,-0.860447],[119.453136,-1.096449],[119.31365,-1.245782],[119.305431,-1.652032],[119.347016,-1.959405],[119.216075,-2.009942],[119.134044,-2.203546],[119.135753,-2.454278],[118.914399,-2.64837],[118.806163,-2.629815],[118.771658,-2.862074],[118.885509,-2.869561],[118.817149,-3.171808],[118.926768,-3.566095],[119.297618,-3.427911],[119.497569,-3.495294],[119.454275,-3.700128],[119.593435,-4.026462],[119.626801,-4.314548],[119.591075,-4.564142],[119.497081,-4.71795],[119.519786,-4.916681],[119.403656,-5.124119],[119.352794,-5.355645],[119.569998,-5.655938],[119.805675,-5.692478],[119.914887,-5.568943],[120.100434,-5.595636],[120.323253,-5.509535],[120.387869,-5.352227],[120.264334,-5.149998],[120.309418,-4.87127],[120.449962,-4.64658],[120.367361,-4.424412],[120.359711,-3.89422],[120.446544,-3.728692],[120.398936,-3.500909],[120.425792,-3.256117],[120.203461,-2.957696],[120.799327,-2.615004],[121.00587,-2.660821],[121.080414,-2.759047],[121.066742,-3.19378],[120.889415,-3.388767],[120.874522,-3.498956],[121.354259,-3.968438],[121.627696,-4.087091],[121.48463,-4.656427],[121.704356,-4.835219],[122.077403,-4.842055],[122.039561,-4.663344],[122.107758,-4.519952],[122.599132,-4.396742],[122.758149,-4.484796],[122.900157,-4.388767],[122.907074,-4.195977],[122.711111,-4.11533],[122.441417,-3.731052],[122.205414,-3.593845],[122.25172,-3.376072],[122.385916,-3.132013],[122.312511,-2.926853],[122.015636,-2.693536],[122.009288,-2.59352],[121.822927,-2.287286],[121.574555,-2.16253],[121.43629,-1.980157],[121.692149,-1.908136],[121.861339,-1.669692],[122.368826,-1.492771],[122.720958,-1.109063],[122.838715,-0.899184],[123.149913,-0.935479],[123.383311,-1.003676],[123.454356,-0.758233],[123.403494,-0.642673],[123.239513,-0.570489],[122.823009,-0.612237],[122.716482,-0.792413],[122.622325,-0.750584],[122.207693,-0.764744],[122.105317,-0.926202],[121.714203,-0.935479],[121.659679,-0.812595],[121.500662,-0.859308],[121.206554,-1.191339],[121.105479,-1.405857],[120.675955,-1.394708],[120.56544,-1.215509],[120.586762,-1.116632],[120.412446,-0.904962],[120.255626,-0.899347],[120.07309,-0.613946],[119.995616,-0.209242],[120.158214,0.227769],[120.375255,0.477688],[120.679535,0.530585],[120.876475,0.424506],[121.107921,0.407131],[121.26059,0.482489],[121.495128,0.482815],[121.601899,0.551744],[121.800466,0.426459],[122.037771,0.482123],[122.565929,0.496527],[122.977875,0.482815],[123.074229,0.516303],[123.23878,0.32453],[123.571056,0.303616],[124.068533,0.351874],[124.465831,0.448676],[124.663829,0.805609],[124.898692,0.973049],[125.115408,1.385199],[125.249197,1.484687],[125.175304,1.678168],[124.968598,1.673814],[124.825938,1.572903],[124.835704,1.469143],[124.54835,1.359849],[124.54835,1.215806],[124.389415,1.186103],[124.290375,1.01732],[123.92921,0.831529],[123.383311,0.927883],[122.968028,0.962592],[122.848888,0.81802],[122.645274,0.959174],[122.454112,1.020657],[122.235362,1.009833],[121.926117,1.0987],[121.546723,1.072455],[121.45045,1.167426],[121.080414,1.331936],[120.833507,1.32567],[120.801768,1.052639],[120.662283,0.968817],[120.568126,0.782131],[120.346446,0.855618],[120.045746,0.734361],[120.032237,0.516303],[119.911794,0.4737],[119.869477,0.287177],[119.888194,0.071275],[119.799978,-0.123793],[119.757823,-0.469903],[119.854015,-0.716404],[119.846528,-0.874607]]],[[[100.947276,1.825385],[100.812755,2.03974],[100.561046,2.156806],[100.434337,2.273342],[100.312185,2.562893],[100.121104,2.66356],[99.997895,2.79914],[99.979503,2.948472],[99.857921,3.011461],[99.750743,3.180487],[99.558116,3.244574],[99.433279,3.38288],[99.179761,3.546338],[98.796582,3.725443],[98.67662,3.914547],[98.263031,4.177314],[98.275564,4.42536],[98.007009,4.633857],[97.90919,4.889594],[97.664399,5.073432],[97.526215,5.242255],[97.226553,5.146221],[96.973399,5.273424],[96.650564,5.216254],[96.406586,5.217231],[96.088064,5.295478],[95.887543,5.512152],[95.611583,5.626654],[95.431895,5.65469],[95.197276,5.546373],[95.253591,5.411566],[95.198985,5.292873],[95.29127,5.191636],[95.42628,4.827338],[96.01002,4.225653],[96.197765,4.121283],[96.479503,3.778713],[96.760509,3.748684],[97.018565,3.522691],[97.171641,3.254828],[97.270763,3.214423],[97.40504,2.943345],[97.602712,2.866197],[97.658214,2.411566],[97.744395,2.281073],[97.955903,2.271715],[98.269216,2.038072],[98.535167,1.936469],[98.822602,1.630439],[98.753429,1.535631],[98.844574,1.345893],[98.981212,0.831732],[99.100271,0.601752],[99.13795,0.263088],[99.61085,0.098578],[99.747244,-0.02984],[99.823985,-0.313409],[100.034923,-0.48797],[100.301443,-0.816339],[100.366059,-1.150486],[100.569184,-1.330824],[100.65447,-1.617608],[100.857595,-1.89186],[100.833995,-2.159112],[101.104828,-2.587091],[101.326996,-2.73919],[101.611339,-3.224542],[102.222179,-3.642836],[102.312511,-3.991469],[102.701182,-4.27044],[102.920421,-4.492608],[103.172862,-4.617934],[103.385997,-4.804946],[103.891124,-5.104181],[103.901378,-5.21852],[104.297699,-5.643324],[104.541759,-5.841892],[104.688731,-5.807875],[104.533214,-5.559828],[104.681326,-5.506931],[104.790782,-5.60947],[105.163259,-5.786065],[105.279633,-5.444268],[105.586192,-5.790785],[105.782563,-5.828546],[105.8296,-5.654718],[105.867442,-4.82464],[105.906261,-4.469334],[105.812755,-4.238702],[105.952485,-3.833754],[105.819591,-3.67254],[105.900238,-3.407159],[106.073009,-3.255548],[106.028494,-2.982843],[105.809581,-2.899021],[105.778087,-2.690118],[105.618419,-2.594903],[105.62379,-2.401788],[105.246918,-2.342869],[105.11671,-2.380466],[104.883311,-2.284926],[104.814626,-2.008396],[104.685802,-2.044692],[104.564464,-1.85768],[104.462738,-1.5735],[104.449229,-1.316013],[104.377208,-1.031671],[104.212413,-1.073337],[103.955821,-0.976983],[103.794119,-1.009454],[103.650401,-0.942966],[103.345551,-0.695896],[103.417979,-0.517755],[103.414561,-0.216729],[103.671153,-0.017429],[103.801768,-0.007257],[103.743419,0.27733],[103.362153,0.536282],[103.083751,0.51557],[102.877126,0.726386],[102.532237,0.742377],[102.208507,1.024075],[102.118175,1.386542],[101.749197,1.661526],[101.427013,1.709296],[101.317149,2.024604],[101.067393,2.219794],[100.885916,2.298285],[100.799978,2.20893],[100.947276,1.825385]]],[[[120.792491,-9.96087],[120.669688,-9.885186],[120.478282,-9.641046],[120.271169,-9.642511],[120.229259,-9.492283],[120.094249,-9.461196],[119.958751,-9.29046],[119.79949,-9.383722],[119.168712,-9.385512],[118.935395,-9.553399],[119.096853,-9.717543],[119.634451,-9.769138],[119.697113,-9.852634],[119.967296,-9.983575],[120.15561,-10.220961],[120.391612,-10.263116],[120.72462,-10.196873],[120.839854,-10.051365],[120.792491,-9.96087]]],[[[123.348643,-8.268813],[123.156505,-8.243585],[123.019542,-8.391778],[123.289317,-8.404474],[123.348643,-8.268813]]],[[[116.633311,-8.275079],[116.393809,-8.201104],[116.286388,-8.236261],[116.027937,-8.445008],[116.072645,-8.577784],[116.019298,-8.908136],[116.167247,-8.878513],[116.446611,-8.92008],[116.681,-8.556329],[116.743175,-8.391778],[116.633311,-8.275079]]],[[[119.203624,-8.610935],[119.052257,-8.645685],[119.051117,-8.470473],[118.972504,-8.302016],[118.46339,-8.249444],[118.312266,-8.37127],[118.149669,-8.134454],[117.917817,-8.08587],[117.740977,-8.147882],[117.71225,-8.240899],[117.970225,-8.461358],[118.133556,-8.486749],[117.969005,-8.748142],[117.805186,-8.719985],[117.743826,-8.569268],[117.43393,-8.481134],[117.195079,-8.357599],[116.790091,-8.583704],[116.824474,-8.799005],[116.763031,-9.015558],[117.126801,-9.091241],[117.192406,-9.023727],[117.388868,-9.053739],[117.725108,-8.912042],[117.890473,-8.936782],[118.024181,-8.850518],[118.157725,-8.867852],[118.294932,-8.765232],[118.465017,-8.865004],[118.714041,-8.799981],[118.908051,-8.850518],[118.971853,-8.751153],[119.151622,-8.742364],[119.203624,-8.610935]]],[[[123.026378,-8.288751],[122.862559,-8.069757],[122.740408,-8.222426],[122.758149,-8.361017],[122.485118,-8.483982],[122.477387,-8.594985],[122.288422,-8.633884],[122.039561,-8.514744],[121.680431,-8.511326],[121.50172,-8.601821],[120.976085,-8.337498],[120.74464,-8.329767],[120.593923,-8.233494],[120.212901,-8.292739],[120.02475,-8.384942],[119.807791,-8.570001],[119.805675,-8.740655],[119.975759,-8.813897],[120.165294,-8.76865],[120.279063,-8.82936],[120.577891,-8.790216],[120.747813,-8.871026],[120.833181,-8.81699],[120.994884,-8.940525],[121.340587,-8.918064],[121.396007,-8.794122],[121.780447,-8.887953],[122.114513,-8.732354],[122.449474,-8.734308],[122.807384,-8.610935],[122.904145,-8.363377],[123.026378,-8.288751]]],[[[115.619151,-8.288751],[115.502452,-8.172621],[115.193126,-8.055108],[115.022634,-8.172621],[114.857595,-8.193129],[114.504731,-8.090427],[114.468435,-8.21852],[114.604503,-8.386489],[114.927013,-8.467462],[115.156098,-8.662042],[115.604828,-8.501072],[115.714203,-8.375177],[115.619151,-8.288751]]],[[[115.570649,-6.904555],[115.275727,-6.835382],[115.27589,-6.938735],[115.570649,-6.904555]]],[[[116.303722,-3.718032],[116.267833,-3.218845],[116.119395,-3.324151],[116.016368,-3.629164],[116.074474,-3.800877],[116.091482,-4.066827],[116.306488,-3.904474],[116.303722,-3.718032]]],[[[100.398611,-3.183526],[100.46754,-3.015313],[100.227306,-2.772638],[100.189464,-2.966567],[100.398611,-3.183526]]],[[[100.206798,-2.693536],[99.97462,-2.49391],[99.986827,-2.767185],[100.13852,-2.820489],[100.206798,-2.693536]]],[[[99.823253,-2.292901],[99.694347,-2.067804],[99.52768,-2.14544],[99.603526,-2.265558],[99.823253,-2.292901]]],[[[109.759776,-1.103936],[109.723481,-0.987074],[109.475434,-0.976983],[109.417247,-1.25449],[109.502452,-1.292169],[109.759776,-1.103936]]],[[[99.274425,-1.634942],[98.938324,-1.065118],[98.898204,-0.915704],[98.658214,-0.963474],[98.593761,-1.198419],[98.884776,-1.679376],[99.1185,-1.802341],[99.254893,-1.772068],[99.274425,-1.634942]]],[[[103.048676,0.797024],[102.763845,1.011176],[102.605479,1.011176],[102.406505,0.873236],[102.516368,0.791327],[103.048676,0.797024]]],[[[103.126475,0.927883],[103.03712,1.044582],[102.801768,1.163275],[102.790701,1.03148],[103.126475,0.927883]]],[[[104.146332,1.160468],[104.030935,1.187893],[103.906749,1.071682],[104.092296,0.989936],[104.146332,1.160468]]],[[[104.654552,1.096381],[104.399669,1.202623],[104.231944,1.093329],[104.271007,1.003607],[104.599864,0.835028],[104.654552,1.096381]]],[[[102.473399,1.242011],[102.290863,1.404527],[102.210623,1.398261],[102.232921,1.099514],[102.369314,0.935207],[102.468028,0.972561],[102.473399,1.242011]]],[[[102.49586,1.363593],[102.462657,1.515448],[102.072439,1.623236],[102.095551,1.475246],[102.49586,1.363593]]],[[[101.721202,2.058092],[101.649262,2.128485],[101.418142,2.04442],[101.397146,1.909369],[101.490733,1.736762],[101.715099,1.778225],[101.775564,1.947984],[101.721202,2.058092]]],[[[96.479503,2.414984],[96.424327,2.510565],[96.003266,2.777004],[95.791515,2.942532],[95.740082,2.778062],[95.790538,2.654608],[96.065684,2.579413],[96.285167,2.436428],[96.479503,2.414984]]],[[[108.396169,3.874823],[108.396169,3.990912],[108.224864,4.244818],[107.98463,4.01203],[108.062348,3.855943],[108.317638,3.683783],[108.396169,3.874823]]],[[[123.390147,-10.591485],[123.386485,-10.433038],[123.049164,-10.711358],[122.812511,-10.778416],[122.841807,-10.921075],[123.209158,-10.813084],[123.390147,-10.591485]]],[[[123.927989,-8.227309],[123.804454,-8.178888],[123.639171,-8.294122],[123.357595,-8.41131],[123.406749,-8.589451],[123.687511,-8.436212],[123.789887,-8.293634],[123.927989,-8.227309]]],[[[138.897309,-8.337172],[138.816905,-8.161879],[138.675059,-8.189142],[138.548025,-8.347101],[138.894054,-8.40545],[138.897309,-8.337172]]],[[[125.134044,-8.217055],[125.086925,-8.158787],[124.687999,-8.165216],[124.475271,-8.132582],[124.333507,-8.413018],[124.427908,-8.467462],[124.661632,-8.403416],[125.123302,-8.352309],[125.134044,-8.217055]]],[[[128.090587,-8.131036],[127.83253,-8.098565],[127.843598,-8.205743],[128.025645,-8.261407],[128.090587,-8.131036]]],[[[129.841156,-7.877862],[129.632498,-7.795994],[129.585216,-7.902032],[129.776378,-8.055352],[129.841156,-7.877862]]],[[[126.836762,-7.726332],[126.626964,-7.559991],[126.32838,-7.695733],[125.968923,-7.660089],[125.81422,-7.850274],[126.421886,-7.93255],[126.559337,-7.81992],[126.836762,-7.726332]]],[[[138.938975,-7.542087],[138.804535,-7.3742],[138.39503,-7.40488],[138.244151,-7.456476],[138.006684,-7.637628],[137.759044,-8.073419],[137.638194,-8.425877],[137.849132,-8.377537],[138.375987,-8.409601],[138.660899,-8.169041],[138.904145,-8.07586],[138.891124,-7.898045],[138.977224,-7.840916],[138.993663,-7.720147],[139.075531,-7.576267],[138.938975,-7.542087]]],[[[131.698578,-7.226739],[131.568614,-7.130955],[131.453136,-7.334405],[131.241547,-7.487726],[131.114757,-7.706964],[131.116222,-8.000746],[131.229666,-8.003513],[131.633067,-7.62005],[131.642751,-7.254815],[131.698578,-7.226739]]],[[[114.045665,-6.914646],[113.923676,-6.864841],[113.526228,-6.896293],[112.915294,-6.891697],[112.692638,-7.058526],[112.72641,-7.158787],[113.12794,-7.231052],[113.472471,-7.22205],[113.610052,-7.129187],[113.872813,-7.128839],[114.045665,-6.914646]]],[[[134.484386,-6.575616],[134.457042,-6.445245],[134.102712,-6.180108],[134.120372,-6.419854],[134.052989,-6.764337],[134.185069,-6.918634],[134.31072,-6.85947],[134.484386,-6.575616]]],[[[134.758067,-6.157892],[134.656993,-5.953871],[134.758067,-5.671319],[134.628266,-5.444757],[134.508311,-5.429376],[134.351817,-5.714451],[134.276622,-6.119317],[134.333507,-6.221449],[134.607758,-6.369561],[134.758067,-6.157892]]],[[[122.067393,-5.21502],[121.977306,-5.070489],[121.853852,-5.102146],[121.806814,-5.259861],[121.968272,-5.46795],[122.046886,-5.451593],[122.067393,-5.21502]]],[[[122.78004,-4.916599],[122.711111,-4.615492],[122.38266,-4.745864],[122.327485,-4.842055],[122.402599,-5.061782],[122.33253,-5.123793],[122.279633,-5.369724],[122.598399,-5.420099],[122.658539,-5.296482],[122.604259,-5.159926],[122.78004,-4.916599]]],[[[123.149913,-5.22503],[122.985362,-5.064874],[123.052094,-4.74033],[123.20045,-4.589044],[123.041352,-4.384373],[122.908946,-4.474542],[122.854991,-4.609552],[122.833507,-4.929132],[122.757579,-5.20672],[122.567149,-5.506931],[122.638357,-5.662205],[122.827647,-5.676202],[122.97755,-5.39422],[123.14503,-5.385431],[123.149913,-5.22503]]],[[[123.204438,-3.992934],[123.028168,-3.97381],[122.950694,-4.047052],[123.136241,-4.238702],[123.253429,-4.089776],[123.204438,-3.992934]]],[[[128.330821,-3.511895],[128.047699,-3.584731],[127.986013,-3.77158],[128.236501,-3.722263],[128.330821,-3.511895]]],[[[127.240896,-3.470961],[127.259776,-3.371189],[127.054535,-3.323012],[127.093516,-3.200779],[126.840017,-3.073663],[126.421397,-3.070489],[126.202001,-3.181842],[126.090921,-3.112098],[125.991742,-3.248191],[126.052628,-3.44632],[126.203021,-3.630994],[126.696573,-3.863792],[126.907,-3.787341],[127.243419,-3.606052],[127.240896,-3.470961]]],[[[130.87322,-3.573989],[130.81658,-3.434259],[130.666677,-3.403578],[130.587901,-3.12949],[130.389334,-2.993829],[129.964854,-2.973565],[129.541026,-2.780043],[129.400238,-2.791599],[129.177094,-2.957696],[129.052908,-2.804457],[128.865245,-2.862074],[128.51588,-2.834161],[128.175466,-2.857029],[128.008067,-3.073663],[127.842296,-3.173272],[127.981456,-3.385024],[128.090668,-3.132013],[128.272146,-3.211521],[128.484141,-3.462498],[128.877452,-3.202569],[129.084321,-3.341241],[129.485606,-3.463474],[129.509613,-3.302504],[129.890473,-3.333103],[130.00172,-3.473077],[130.418793,-3.636895],[130.616466,-3.78631],[130.841563,-3.865004],[130.87322,-3.573989]]],[[[108.293712,-2.848403],[108.097911,-2.608168],[107.670258,-2.561456],[107.594249,-2.78631],[107.581065,-3.010675],[107.642589,-3.128351],[107.980968,-3.239841],[108.183849,-3.10475],[108.293712,-2.848403]]],[[[126.329112,-1.819268],[125.946137,-1.785821],[125.702891,-1.819268],[125.40211,-1.774672],[125.43214,-1.94964],[125.871755,-1.90252],[125.927582,-1.93141],[126.272146,-1.867283],[126.329112,-1.819268]]],[[[130.386485,-1.888279],[130.351817,-1.741388],[130.030772,-1.743829],[129.714854,-1.881443],[129.873383,-1.982029],[130.256114,-2.045831],[130.386485,-1.888279]]],[[[125.314789,-1.778985],[125.120291,-1.682794],[124.955577,-1.696466],[124.632823,-1.631117],[124.384939,-1.667901],[124.329112,-1.870782],[124.406016,-2.004083],[124.543224,-2.006524],[124.828298,-1.895115],[125.31837,-1.882582],[125.314789,-1.778985]]],[[[136.848481,-1.765313],[136.368175,-1.724298],[136.191254,-1.653904],[135.896739,-1.648045],[135.477306,-1.589939],[135.497895,-1.682794],[135.718028,-1.703302],[136.266368,-1.909356],[136.536306,-1.901788],[136.848481,-1.765313]]],[[[106.769054,-2.560317],[106.396169,-2.48211],[106.318858,-2.431329],[106.200694,-2.178155],[106.179454,-1.888279],[105.913748,-1.494236],[105.459646,-1.562921],[105.349864,-1.648696],[105.402354,-1.783298],[105.135916,-1.965509],[105.147472,-2.080011],[105.306407,-2.135024],[105.607432,-2.114841],[105.780447,-2.150811],[105.828787,-2.395115],[105.944347,-2.498793],[105.907563,-2.674574],[105.986501,-2.821222],[106.436046,-2.970636],[106.532237,-3.105645],[106.751964,-3.073663],[106.60377,-2.910252],[106.769054,-2.560317]]],[[[128.145193,-1.594008],[127.898936,-1.42669],[127.634288,-1.328709],[127.487804,-1.449965],[127.378673,-1.632257],[127.532725,-1.731378],[127.913097,-1.682387],[128.051524,-1.714532],[128.145193,-1.594008]]],[[[123.503103,-1.264418],[123.352224,-1.229181],[123.231944,-1.394708],[123.146251,-1.183201],[122.913829,-1.176365],[122.812022,-1.443617],[122.895844,-1.589532],[123.152354,-1.300551],[123.184825,-1.48561],[123.288585,-1.421563],[123.408376,-1.516534],[123.528575,-1.433038],[123.503103,-1.264418]]],[[[131.057384,-1.000665],[130.891856,-0.889907],[130.64975,-0.97381],[130.758067,-1.238214],[130.961925,-1.353774],[131.037364,-1.226332],[131.057384,-1.000665]]],[[[130.917247,-0.778416],[130.817882,-0.819431],[130.478526,-0.7999],[130.400157,-0.929295],[130.819347,-0.870294],[130.917247,-0.778416]]],[[[136.375662,-1.093683],[136.1963,-1.066583],[136.065766,-0.871677],[135.869314,-0.70379],[135.370372,-0.635919],[135.393728,-0.723403],[135.660818,-0.88714],[135.765391,-0.839288],[135.834321,-1.128513],[136.160655,-1.22088],[136.375662,-1.093683]]],[[[104.548513,-0.398045],[104.339366,-0.346449],[104.25587,-0.475518],[104.511241,-0.613946],[104.548513,-0.398045]]],[[[127.888927,-0.764744],[127.604015,-0.61712],[127.687999,-0.480645],[127.578624,-0.324965],[127.295258,-0.494317],[127.398611,-0.620212],[127.457693,-0.815606],[127.625743,-0.752374],[127.754893,-0.887628],[127.888927,-0.764744]]],[[[131.297618,-0.237237],[131.153656,-0.085707],[130.824718,-0.003839],[130.28061,-0.104994],[130.523692,-0.257582],[130.688243,-0.291192],[130.756033,-0.445977],[131.098481,-0.322931],[131.25294,-0.384373],[131.297618,-0.237237]]],[[[104.928966,-0.237237],[104.766287,-0.188246],[104.564626,0.030341],[104.435557,-0.192153],[104.541352,-0.271254],[104.735525,-0.214451],[104.928966,-0.237237]]],[[[97.928477,0.99608],[97.693614,1.186021],[97.486339,1.476549],[97.33546,1.537665],[97.23585,1.416693],[97.247244,1.267035],[97.371593,1.05976],[97.61378,0.823554],[97.704112,0.57274],[97.874278,0.622016],[97.928477,0.99608]]],[[[127.666026,-0.209242],[127.88559,-0.40602],[128.032237,-0.699314],[128.227794,-0.709568],[128.096365,-0.517267],[127.885753,0.023505],[127.878266,0.32453],[127.960216,0.482815],[128.262218,0.391343],[128.690115,0.346991],[128.680837,0.554511],[128.364594,0.643622],[128.213552,0.773912],[128.300466,0.893744],[128.701182,1.070868],[128.740977,1.404853],[128.719493,1.570624],[128.437266,1.539293],[128.2046,1.38996],[127.993907,1.082994],[127.923025,0.869818],[127.741873,0.81802],[127.637543,1.000718],[127.890636,1.152411],[128.03533,1.537991],[128.014903,1.719224],[127.846446,1.851467],[128.029063,2.109687],[127.934825,2.187649],[127.629731,1.835395],[127.555675,1.692532],[127.540782,1.475653],[127.398611,1.209052],[127.491954,1.054918],[127.555431,0.739895],[127.526866,0.560614],[127.576508,0.415513],[127.715587,0.312567],[127.666026,-0.209242]]],[[[128.686371,2.483954],[128.566417,2.633612],[128.321137,2.458645],[128.197113,2.266181],[128.288585,2.039618],[128.490245,2.054267],[128.6421,2.261176],[128.686371,2.483954]]],[[[126.870709,4.331393],[126.875011,4.49433],[126.744395,4.5456],[126.676286,4.060346],[126.798438,4.017644],[126.870709,4.331393]]]]} | B2: Indonesia
A3: {"type":"MultiPolygon","coordinates":[[[[102.07309,6.257514],[102.060002,6.094797],[101.934739,5.981729],[101.800483,5.739909],[101.557914,5.911346],[101.248993,5.786986],[101.122179,5.62989],[100.965289,5.792412],[101.07877,5.938166],[101.081664,6.246467],[100.832997,6.236675],[100.805609,6.414803],[100.329204,6.557766],[100.166836,6.695122],[100.137462,6.38052],[100.349132,6.012681],[100.350841,5.584215],[100.433279,5.211168],[100.364513,5.084296],[100.44158,4.922838],[100.617361,4.792914],[100.645518,4.560045],[100.56544,4.319159],[100.76588,4.09984],[100.709483,3.883043],[101.040538,3.621975],[101.108409,3.473944],[101.297618,3.274604],[101.372813,3.002346],[101.283051,2.9112],[101.542328,2.661282],[101.774425,2.586575],[101.851085,2.478949],[102.154307,2.235663],[102.544688,2.057685],[102.699392,1.859442],[103.367361,1.538398],[103.454845,1.339423],[103.600108,1.353461],[103.697602,1.450629],[103.839692,1.476549],[104.106212,1.37519],[104.293712,1.471584],[104.195323,1.798733],[103.97641,2.192369],[103.948985,2.339911],[103.765147,2.648912],[103.638438,2.672105],[103.441173,2.922105],[103.428071,3.367174],[103.482188,3.511786],[103.338715,3.758205],[103.434337,3.950019],[103.395193,4.116278],[103.49643,4.30622],[103.451427,4.488471],[103.448009,4.806545],[103.222423,5.221137],[103.027599,5.4855],[102.6692,5.725002],[102.520763,5.871731],[102.338145,6.176988],[102.07309,6.257514]]],[[[115.146169,4.908515],[115.272684,4.636772],[115.272478,4.474663],[115.091817,4.405417],[115.026808,4.660027],[114.948363,4.818932],[114.741967,4.729454],[114.84563,4.395108],[114.766875,4.131816],[114.627762,4.016681],[114.41992,4.260129],[114.282667,4.264909],[114.245564,4.481433],[113.975841,4.594713],[113.946788,4.27383],[113.736827,4.001288],[113.434255,3.75316],[113.277599,3.484198],[113.007823,3.161689],[112.01352,2.885932],[111.669607,2.843085],[111.457856,2.705634],[111.365489,2.340766],[111.246349,2.436103],[111.184825,2.253648],[111.205903,2.068996],[111.005626,1.584459],[110.726736,1.547431],[110.290782,1.673977],[109.927745,1.692288],[109.693044,1.873114],[109.645274,2.083238],[109.528436,1.889989],[109.641814,1.781004],[109.65804,1.59719],[110.051814,1.215482],[110.17036,1.174451],[110.263481,0.994307],[110.553903,0.85137],[110.776731,0.903253],[110.880394,1.010534],[111.197584,1.075233],[111.503199,0.958444],[111.622675,1.030274],[111.823076,1.008467],[111.910099,1.114042],[112.09293,1.143135],[112.161556,1.434539],[112.470478,1.567657],[112.801517,1.543783],[112.973186,1.569854],[113.089045,1.431335],[113.624826,1.227575],[113.909667,1.442471],[114.173423,1.420509],[114.374858,1.506938],[114.545597,1.434952],[114.669,1.694006],[114.679542,1.840741],[114.831988,1.902521],[114.778761,2.247202],[115.206125,2.509874],[115.05647,2.608627],[115.069079,2.832645],[115.242092,3.041624],[115.464094,3.030824],[115.517631,3.357161],[115.601243,3.430231],[115.544399,3.629159],[115.646925,4.169101],[115.770742,4.225609],[115.844122,4.389216],[116.020649,4.270852],[116.125759,4.378907],[116.310657,4.383377],[116.411323,4.288654],[116.711666,4.366789],[116.804477,4.330073],[117.202696,4.356066],[117.43648,4.185611],[117.567149,4.159654],[117.656016,4.424221],[117.982677,4.231147],[118.353282,4.361518],[118.556895,4.363511],[118.496593,4.508287],[118.277599,4.695136],[118.136485,4.88231],[118.357188,5.038804],[118.49936,4.931464],[118.681488,4.944322],[119.155935,5.106187],[119.2671,5.201077],[119.278087,5.344631],[118.819347,5.478095],[118.594005,5.682074],[118.365245,5.813788],[118.17628,5.805162],[118.134044,5.689643],[117.960297,5.687161],[117.921153,5.809027],[118.125173,5.863918],[118.016856,6.060981],[117.774262,5.908026],[117.668956,5.972642],[117.600352,6.197821],[117.722992,6.254625],[117.727061,6.451158],[117.295909,6.636298],[117.150238,7.003119],[116.973806,6.708075],[116.858653,6.817857],[116.777354,7.02676],[116.6692,6.87641],[116.639008,6.699286],[116.503184,6.495185],[116.105968,6.126451],[116.050792,5.842271],[115.930675,5.763007],[115.848643,5.560004],[115.619151,5.568061],[115.392589,5.413275],[115.556977,5.067206],[115.358409,4.902777],[115.146169,4.908515]]],[[[100.309825,5.450751],[100.179454,5.458197],[100.184337,5.268541],[100.288748,5.262681],[100.309825,5.450751]]]]} | B3: Malaysia
A4: {"type":"MultiPolygon","coordinates":[[[[-69.510089,-17.506588],[-69.683902,-17.656036],[-69.849835,-17.69159],[-69.783095,-17.981598],[-69.970345,-18.250625],[-70.159067,-18.32597],[-70.394703,-18.337746],[-70.329335,-18.471856],[-70.356597,-18.77337],[-70.266225,-19.178399],[-70.28775,-19.300958],[-70.199574,-19.534356],[-70.12328,-20.072198],[-70.2058,-20.52809],[-70.171295,-21.014581],[-70.080094,-21.233325],[-70.058695,-21.433377],[-70.150217,-21.653497],[-70.150054,-21.861993],[-70.248199,-22.327569],[-70.24059,-22.487563],[-70.312571,-22.790623],[-70.291575,-22.901951],[-70.425423,-23.08853],[-70.562245,-23.059828],[-70.585072,-23.423598],[-70.390736,-23.576918],[-70.498525,-23.784601],[-70.506098,-24.167381],[-70.582834,-24.524835],[-70.576405,-24.731703],[-70.472727,-24.975274],[-70.444814,-25.344903],[-70.646881,-25.521661],[-70.710357,-25.835382],[-70.635976,-25.974705],[-70.695302,-26.568536],[-70.822418,-26.865818],[-70.788645,-26.99627],[-70.95995,-27.161391],[-70.912424,-27.62184],[-71.038686,-27.666436],[-71.173085,-28.09295],[-71.188588,-28.40545],[-71.316233,-28.572931],[-71.301869,-28.6749],[-71.521962,-28.940118],[-71.486928,-29.211847],[-71.360911,-29.295587],[-71.288075,-29.603123],[-71.282582,-29.880141],[-71.506093,-30.271905],[-71.637766,-30.241469],[-71.71345,-30.614923],[-71.654937,-30.976007],[-71.666168,-31.169854],[-71.514963,-31.775486],[-71.542144,-32.205173],[-71.407948,-32.386326],[-71.454172,-32.685642],[-71.548695,-32.784845],[-71.568227,-33.001886],[-71.761871,-33.101983],[-71.624664,-33.541436],[-71.671864,-33.6985],[-71.816518,-33.787286],[-72.018544,-34.140802],[-72.05724,-34.658787],[-72.187815,-34.885512],[-72.23058,-35.116143],[-72.398061,-35.233494],[-72.529652,-35.490411],[-72.646596,-35.566583],[-72.583567,-35.770603],[-72.80016,-35.978123],[-72.826161,-36.287042],[-72.981923,-36.690362],[-73.152821,-36.706964],[-73.209055,-37.160252],[-73.460683,-37.241957],[-73.607574,-37.15545],[-73.680409,-37.347833],[-73.599273,-37.447849],[-73.666575,-37.725518],[-73.462961,-38.051202],[-73.543284,-38.420668],[-73.245432,-39.221287],[-73.224477,-39.41725],[-73.406077,-39.69492],[-73.401926,-39.804132],[-73.711171,-39.968683],[-73.782826,-40.424574],[-73.728498,-40.54418],[-73.946904,-40.972841],[-73.759946,-41.748841],[-73.515045,-41.803643],[-73.201405,-41.784763],[-73.111887,-41.586196],[-72.957265,-41.483575],[-72.751576,-41.548435],[-72.645131,-41.722833],[-72.88858,-41.910821],[-72.488026,-42.127537],[-72.809722,-42.243259],[-72.678456,-42.478448],[-72.840321,-42.524835],[-72.842193,-42.838067],[-72.761057,-43.009047],[-72.934438,-43.09824],[-72.91218,-43.235447],[-73.084584,-43.316339],[-73.111318,-43.461033],[-72.973012,-43.621352],[-73.070424,-43.914483],[-73.290028,-44.152439],[-72.939931,-44.306736],[-72.67984,-44.543552],[-72.810048,-44.767755],[-73.117096,-44.948337],[-73.348256,-44.957778],[-73.304433,-45.144789],[-73.448069,-45.279474],[-73.660553,-45.975681],[-73.601308,-46.318455],[-73.873891,-46.602227],[-73.989166,-46.559747],[-73.769846,-46.234552],[-74.118642,-45.896254],[-74.170277,-45.791762],[-74.665598,-45.823337],[-74.737864,-46.023126],[-74.958119,-46.215265],[-75.090688,-46.216078],[-75.636057,-46.573012],[-75.707021,-46.786554],[-75.551747,-46.948337],[-75.410553,-46.931573],[-75.422475,-46.713962],[-75.111643,-46.586847],[-75.0065,-46.753513],[-74.680979,-46.883884],[-74.640004,-46.780043],[-74.289906,-46.82171],[-74.153228,-46.967218],[-73.941274,-47.027927],[-74.115387,-47.192966],[-74.324696,-47.218927],[-74.556711,-47.550063],[-74.735585,-47.718683],[-74.548899,-47.784763],[-74.067738,-47.770766],[-73.55012,-47.808038],[-73.642201,-47.983575],[-74.060618,-48.000421],[-74.537465,-47.963067],[-74.625409,-48.004227],[-74.27009,-48.335626],[-74.029897,-48.41131],[-74.392161,-48.599054],[-74.468658,-49.031671],[-74.371897,-49.186619],[-74.42276,-49.384698],[-74.241119,-49.527927],[-74.346669,-50.015232],[-74.694651,-50.183038],[-74.297353,-50.480645],[-74.126088,-50.762465],[-74.225209,-50.955824],[-74.129506,-51.187677],[-73.879384,-51.237888],[-73.899526,-51.625177],[-73.645579,-51.848728],[-73.563547,-52.039972],[-73.316233,-52.166111],[-73.145334,-51.940037],[-72.578033,-51.795994],[-72.468984,-51.929295],[-72.864858,-51.954767],[-73.303049,-52.221775],[-73.614573,-52.144708],[-73.530914,-52.456964],[-73.687856,-52.597833],[-73.397328,-52.636489],[-73.233062,-52.790623],[-73.455963,-52.986505],[-73.198476,-53.104913],[-72.979563,-53.054783],[-72.947377,-52.985772],[-72.953603,-52.893324],[-73.015614,-52.841729],[-72.790842,-52.752699],[-72.673899,-52.65252],[-72.309926,-52.516534],[-72.027731,-52.559261],[-72.398061,-52.783461],[-72.611562,-52.741876],[-72.960357,-52.824965],[-72.92398,-52.886407],[-72.947662,-52.926365],[-72.933746,-53.10475],[-73.171376,-53.256443],[-72.80956,-53.386814],[-72.531728,-53.542087],[-72.503774,-53.313897],[-72.268951,-53.071466],[-72.021962,-53.125421],[-71.906233,-53.010889],[-71.483957,-52.824884],[-71.198582,-52.923904],[-71.360219,-53.116143],[-71.742421,-53.223403],[-72.282297,-53.242771],[-72.453277,-53.407322],[-72.284088,-53.581231],[-71.644643,-53.823663],[-71.285024,-53.886],[-71.03425,-53.809747],[-70.939443,-53.592218],[-70.992747,-53.382989],[-70.809153,-52.961602],[-70.812123,-52.821384],[-69.84658,-52.486543],[-69.672351,-52.530857],[-69.470937,-52.272719],[-69.212256,-52.137953],[-69.485289,-52.132476],[-69.952754,-52.007419],[-71.965241,-51.970625],[-71.981726,-51.844948],[-72.300724,-51.691469],[-72.351212,-51.475978],[-72.258815,-51.245191],[-72.302843,-50.648897],[-72.755787,-50.616444],[-73.177725,-50.749459],[-73.301438,-50.299564],[-73.541475,-50.113736],[-73.57274,-49.932352],[-73.539512,-49.692676],[-73.521115,-49.60896],[-73.542586,-49.491035],[-73.471118,-49.317195],[-73.18434,-49.214256],[-73.009725,-48.990394],[-72.781212,-48.93386],[-72.592334,-48.791129],[-72.57678,-48.452132],[-72.295092,-48.333276],[-72.343047,-48.07045],[-72.543914,-47.9148],[-72.344443,-47.602261],[-72.361186,-47.450953],[-72.038156,-47.287035],[-71.9501,-46.813989],[-71.68717,-46.690069],[-71.770162,-46.112636],[-71.612291,-45.970526],[-71.801788,-45.72403],[-71.713732,-45.53324],[-71.489094,-45.498514],[-71.317167,-45.26721],[-71.588726,-44.978132],[-72.073503,-44.902168],[-71.85455,-44.79096],[-71.497104,-44.742901],[-71.29784,-44.795611],[-71.209783,-44.427571],[-71.822045,-44.40318],[-71.762204,-44.064079],[-71.659885,-43.92631],[-71.761842,-43.828435],[-71.7143,-43.602195],[-71.901731,-43.322006],[-71.742981,-43.190127],[-72.054434,-43.105378],[-72.148537,-42.998718],[-72.148434,-42.592645],[-72.03919,-42.48123],[-72.133706,-42.287599],[-71.736263,-42.08389],[-71.794037,-41.867469],[-71.925915,-41.653012],[-71.853258,-41.567332],[-71.903953,-41.367655],[-71.851449,-40.938327],[-71.955577,-40.720356],[-71.796414,-40.414535],[-71.674044,-40.324101],[-71.823751,-40.210103],[-71.683708,-40.098998],[-71.616632,-39.909863],[-71.714352,-39.601354],[-71.541959,-39.532315],[-71.412045,-39.317961],[-71.430235,-38.999117],[-71.236035,-38.811635],[-70.873835,-38.691436],[-70.848668,-38.527621],[-70.973751,-38.424682],[-71.007418,-38.071008],[-71.18503,-37.706069],[-71.117696,-37.466497],[-71.205597,-37.292658],[-71.089119,-37.103419],[-71.207148,-36.972367],[-71.145343,-36.68825],[-71.043282,-36.484335],[-70.386939,-36.058728],[-70.40823,-35.506204],[-70.542899,-35.209271],[-70.386629,-35.16669],[-70.353711,-34.953266],[-70.227828,-34.58533],[-70.067579,-34.414591],[-70.05758,-34.291187],[-69.828885,-34.23331],[-69.909552,-33.955704],[-69.895367,-33.662285],[-69.787674,-33.379408],[-70.010011,-33.299103],[-70.111194,-33.038447],[-70.000219,-32.876597],[-70.155739,-32.738414],[-70.160829,-32.485303],[-70.321801,-32.280147],[-70.335237,-32.140001],[-70.244467,-31.942235],[-70.42828,-31.870095],[-70.589769,-31.567684],[-70.5414,-31.188173],[-70.339785,-31.041722],[-70.217105,-30.515139],[-69.912136,-30.329517],[-69.835758,-30.161879],[-69.980375,-30.072479],[-69.915599,-29.805621],[-70.040655,-29.297539],[-69.803926,-29.098688],[-69.653031,-28.397852],[-69.420306,-28.212644],[-69.303233,-27.99953],[-69.190191,-27.951368],[-69.01741,-27.460442],[-68.870753,-27.198442],[-68.718617,-27.106665],[-68.330476,-27.044963],[-68.305361,-26.897995],[-68.570151,-26.550626],[-68.575164,-26.30351],[-68.409024,-26.144243],[-68.605963,-25.436999],[-68.516046,-25.183578],[-68.366649,-25.123427],[-68.473051,-24.907936],[-68.555165,-24.862151],[-68.572373,-24.769856],[-68.49553,-24.601805],[-68.451502,-24.629297],[-68.244486,-24.385384],[-67.362369,-24.030367],[-67.013967,-23.000714],[-67.193904,-22.822223],[-67.616772,-22.897258],[-67.77144,-22.888679],[-67.887092,-22.818709],[-67.859187,-22.547305],[-67.951894,-22.334088],[-67.960627,-22.102887],[-68.096226,-21.953956],[-68.198442,-21.57186],[-68.207537,-21.284333],[-68.41631,-20.959805],[-68.555113,-20.913916],[-68.572786,-20.742867],[-68.480957,-20.624735],[-68.685544,-20.516834],[-68.726265,-20.150965],[-68.588341,-20.055571],[-68.561108,-19.844317],[-68.703218,-19.71554],[-68.447626,-19.434627],[-68.663324,-19.273603],[-68.989609,-18.946491],[-68.951445,-18.867323],[-69.033844,-18.649455],[-69.034386,-18.478303],[-69.155438,-18.140235],[-69.334239,-17.805785],[-69.497123,-17.621404],[-69.510089,-17.506588]]],[[[-68.641998,-54.799168],[-68.641882,-54.782971],[-68.627617,-52.639572],[-68.779026,-52.548254],[-69.140248,-52.68377],[-69.417565,-52.451472],[-69.603871,-52.521173],[-69.734351,-52.774459],[-70.001133,-52.841734],[-70.243452,-53.061725],[-70.418993,-53.011716],[-70.473541,-53.309259],[-70.202707,-53.468683],[-69.897822,-53.386644],[-69.352651,-53.355727],[-69.360842,-53.521675],[-69.65144,-53.636231],[-70.17516,-53.760512],[-70.014027,-54.113539],[-69.279612,-54.321547],[-69.881947,-54.312677],[-70.090199,-54.253188],[-70.322499,-54.325291],[-70.843251,-54.263116],[-70.972401,-54.469008],[-71.323069,-54.427667],[-71.563222,-54.510837],[-71.583119,-54.65488],[-70.092844,-54.849054],[-69.730784,-54.803155],[-69.067006,-54.948826],[-68.665842,-54.886407],[-68.641998,-54.799168]]],[[[-67.999257,-55.627537],[-68.345326,-55.344008],[-68.209218,-55.262872],[-68.616078,-55.152276],[-68.441151,-54.939711],[-69.885976,-55.063572],[-70.031077,-55.147638],[-69.788075,-55.305922],[-69.339223,-55.474867],[-69.116607,-55.205662],[-68.897857,-55.327813],[-68.865346,-55.505304],[-68.602528,-55.462335],[-67.999257,-55.627537]]],[[[-67.883168,-55.243829],[-67.270619,-55.306899],[-67.053375,-55.093683],[-67.301829,-54.928888],[-67.941803,-54.90545],[-68.18635,-54.978204],[-68.135081,-55.218845],[-67.883168,-55.243829]]],[[[-70.295155,-55.082452],[-70.706125,-54.968927],[-70.74767,-55.099786],[-70.548085,-55.213556],[-70.295155,-55.082452]]],[[[-69.904164,-54.996759],[-69.776438,-55.034601],[-69.164296,-54.955824],[-69.728342,-54.864516],[-69.904164,-54.996759]]],[[[-71.63093,-54.07879],[-71.542144,-54.269952],[-71.106516,-54.376642],[-70.990142,-54.265802],[-71.179677,-54.085626],[-71.463287,-53.941583],[-71.63093,-54.07879]]],[[[-72.015126,-54.202325],[-71.766103,-54.163995],[-71.652903,-53.926365],[-71.945709,-53.852797],[-72.203196,-53.99627],[-72.015126,-54.202325]]],[[[-70.455036,-53.611598],[-70.71288,-53.70143],[-70.900543,-53.873712],[-70.822743,-54.113539],[-70.540435,-54.221612],[-70.342795,-54.028069],[-70.455036,-53.611598]]],[[[-72.529652,-54.075372],[-72.329905,-54.034601],[-72.348622,-53.831313],[-72.234242,-53.728774],[-72.913238,-53.427016],[-73.584706,-53.582778],[-73.310455,-53.742364],[-73.337758,-53.955255],[-72.850575,-53.955255],[-72.529652,-54.075372]]],[[[-73.837392,-52.70086],[-73.725168,-52.404718],[-74.184368,-52.586801],[-74.123419,-52.706617],[-73.837392,-52.70086]]],[[[-75.126047,-50.494317],[-75.513824,-50.649102],[-75.386464,-50.772068],[-75.126047,-50.494317]]],[[[-74.310414,-50.834161],[-74.181304,-50.782322],[-74.383127,-50.455987],[-74.581207,-50.633559],[-74.310414,-50.834161]]],[[[-75.040639,-50.289483],[-75.157053,-50.021417],[-75.390452,-50.162286],[-75.454945,-50.363946],[-75.22289,-50.436456],[-75.040639,-50.289483]]],[[[-75.198313,-49.771173],[-75.012196,-49.837335],[-74.768422,-50.053318],[-74.474233,-49.944513],[-74.423655,-49.744887],[-74.539418,-49.519301],[-74.44579,-49.302341],[-74.543813,-48.70615],[-74.830312,-48.689548],[-75.051503,-48.857029],[-74.85912,-49.110772],[-75.037221,-49.260431],[-75.461985,-49.306573],[-75.325266,-49.459649],[-75.198313,-49.771173]]],[[[-75.328359,-48.552179],[-75.34435,-48.427423],[-75.655751,-48.48504],[-75.541656,-48.70086],[-75.328359,-48.552179]]],[[[-74.499135,-48.583185],[-74.728586,-48.20672],[-74.996246,-48.603692],[-74.60733,-48.693943],[-74.499135,-48.583185]]],[[[-75.160756,-48.298435],[-75.031117,-48.44378],[-74.841298,-48.359308],[-74.804514,-48.174493],[-75.017505,-48.08302],[-75.256337,-48.068617],[-75.160756,-48.298435]]],[[[-75.149892,-48.65838],[-75.098704,-48.465916],[-75.34911,-48.059177],[-75.585317,-48.085707],[-75.554189,-48.397149],[-75.317942,-48.348891],[-75.282826,-48.630548],[-75.149892,-48.65838]]],[[[-75.270619,-48.027765],[-74.727379,-48.105892],[-74.788324,-47.812324],[-75.167773,-47.893604],[-75.270619,-48.027765]]],[[[-74.752919,-45.80755],[-74.883534,-45.929376],[-75.108266,-45.8742],[-75.07433,-46.093845],[-74.780751,-46.011489],[-74.752919,-45.80755]]],[[[-74.502838,-45.732354],[-74.241811,-45.675958],[-74.273549,-45.495294],[-74.421254,-45.454278],[-74.502838,-45.732354]]],[[[-73.666168,-45.436944],[-73.818267,-45.642511],[-73.629872,-45.737563],[-73.584218,-45.512628],[-73.666168,-45.436944]]],[[[-73.731923,-45.214776],[-73.866078,-44.994561],[-74.173899,-45.026056],[-73.989573,-45.245782],[-73.731923,-45.214776]]],[[[-73.926829,-44.628839],[-74.400543,-44.626072],[-74.258697,-44.804457],[-73.926829,-44.628839]]],[[[-73.382476,-44.587823],[-73.407582,-44.822442],[-73.14745,-44.911879],[-72.837636,-44.710138],[-72.721181,-44.528009],[-73.002024,-44.361261],[-73.246246,-44.437188],[-73.382476,-44.587823]]],[[[-74.334625,-43.281671],[-73.847491,-43.423483],[-73.669014,-43.363847],[-73.721425,-43.141697],[-73.490061,-43.10003],[-73.577382,-42.965753],[-73.491933,-42.818617],[-73.809153,-42.608657],[-73.666168,-42.354099],[-73.396108,-42.309015],[-73.456451,-42.044366],[-73.690989,-41.809015],[-73.866038,-41.892267],[-74.006174,-41.845147],[-74.053336,-42.130345],[-74.159503,-42.241298],[-74.167363,-42.882514],[-74.407216,-43.237888],[-74.334625,-43.281671]]]]} | B4: Chile
A5: {"type":"Polygon","coordinates":[[[-69.510089,-17.506588],[-69.497123,-17.621404],[-69.334239,-17.805785],[-69.155438,-18.140235],[-69.034386,-18.478303],[-69.033844,-18.649455],[-68.951445,-18.867323],[-68.989609,-18.946491],[-68.663324,-19.273603],[-68.447626,-19.434627],[-68.703218,-19.71554],[-68.561108,-19.844317],[-68.588341,-20.055571],[-68.726265,-20.150965],[-68.685544,-20.516834],[-68.480957,-20.624735],[-68.572786,-20.742867],[-68.555113,-20.913916],[-68.41631,-20.959805],[-68.207537,-21.284333],[-68.198442,-21.57186],[-68.096226,-21.953956],[-67.960627,-22.102887],[-67.951894,-22.334088],[-67.859187,-22.547305],[-67.887092,-22.818709],[-67.77144,-22.888679],[-67.547113,-22.892503],[-67.193904,-22.822223],[-67.026628,-22.639392],[-67.032725,-22.524567],[-66.785092,-22.427622],[-66.735896,-22.225051],[-66.307602,-22.077049],[-66.222465,-21.786938],[-66.094488,-21.83293],[-65.744613,-22.11405],[-65.579894,-22.086454],[-65.020368,-22.096583],[-64.596207,-22.20655],[-64.572023,-22.343183],[-64.428285,-22.542344],[-64.355731,-22.751943],[-64.160549,-22.438474],[-63.933173,-22.001808],[-63.813129,-22.003049],[-62.818564,-22.000878],[-62.783476,-22.130896],[-62.650357,-22.234456],[-62.275703,-21.066568],[-62.26883,-20.553111],[-61.94425,-20.104146],[-61.753203,-19.64588],[-60.006384,-19.298097],[-59.089541,-19.286729],[-58.175282,-19.821373],[-58.141847,-20.000897],[-58.158797,-20.165125],[-57.859745,-19.980123],[-58.124639,-19.729906],[-57.789,-19.059249],[-57.782334,-18.910421],[-57.56674,-18.256094],[-57.551082,-18.183643],[-57.730089,-17.846093],[-57.800731,-17.533451],[-58.010175,-17.49676],[-58.399144,-17.237448],[-58.480276,-16.683683],[-58.342661,-16.473154],[-58.464721,-16.33125],[-60.16069,-16.264794],[-60.246395,-15.478279],[-60.582241,-15.098871],[-60.269805,-15.083368],[-60.291716,-14.630062],[-60.473513,-14.117225],[-60.387188,-13.98328],[-60.472635,-13.797865],[-60.896743,-13.552918],[-61.347724,-13.493697],[-61.83635,-13.540619],[-62.109408,-13.248958],[-62.114679,-13.150204],[-62.424118,-13.126536],[-62.472125,-13.068452],[-62.789832,-13.000652],[-62.988011,-12.843866],[-63.075034,-12.652663],[-63.317913,-12.701963],[-63.657738,-12.475413],[-63.862893,-12.469212],[-63.921236,-12.544349],[-64.395729,-12.457326],[-64.489392,-12.239459],[-64.739532,-12.144581],[-64.7925,-12.032546],[-64.998121,-11.908936],[-65.065559,-11.75308],[-65.196197,-11.741814],[-65.222655,-11.517435],[-65.319548,-11.476404],[-65.394738,-11.153427],[-65.299601,-10.969665],[-65.404737,-10.799236],[-65.410938,-10.44918],[-65.284822,-10.206818],[-65.336834,-9.967246],[-65.29911,-9.841259],[-65.416235,-9.680132],[-65.510777,-9.734082],[-65.583977,-9.837228],[-65.834065,-9.758266],[-66.086995,-9.784518],[-66.660087,-9.945335],[-66.902656,-10.09313],[-67.184706,-10.326707],[-67.323509,-10.318852],[-67.58463,-10.501787],[-67.721727,-10.705495],[-67.862649,-10.65878],[-68.112091,-10.714074],[-68.29332,-10.978967],[-68.775926,-11.140611],[-68.884034,-11.016381],[-69.39594,-10.935042],[-69.577635,-10.952302],[-68.684252,-12.502492],[-68.980953,-12.867947],[-68.970747,-13.501449],[-69.023844,-13.634981],[-68.982968,-13.972221],[-68.864448,-14.191226],[-69.01015,-14.245899],[-68.990254,-14.379018],[-69.234658,-14.574251],[-69.267628,-14.750675],[-69.370541,-14.801524],[-69.384313,-14.981772],[-69.1481,-15.233333],[-69.291166,-15.350845],[-69.430021,-15.62628],[-69.184868,-16.195031],[-68.982038,-16.210017],[-68.833494,-16.328976],[-69.027875,-16.454137],[-69.037073,-16.670247],[-69.182362,-16.728745],[-69.413588,-17.022267],[-69.6228,-17.185565],[-69.510089,-17.506588]]]} | B5: Bolivia
A6: {"type":"Polygon","coordinates":[[[-69.510089,-17.506588],[-69.6228,-17.185565],[-69.413588,-17.022267],[-69.182362,-16.728745],[-69.037073,-16.670247],[-69.027875,-16.454137],[-68.833494,-16.328976],[-68.982038,-16.210017],[-69.184868,-16.195031],[-69.430021,-15.62628],[-69.291166,-15.350845],[-69.1481,-15.233333],[-69.384313,-14.981772],[-69.370541,-14.801524],[-69.267628,-14.750675],[-69.234658,-14.574251],[-68.990254,-14.379018],[-69.01015,-14.245899],[-68.864448,-14.191226],[-68.982968,-13.972221],[-69.023844,-13.634981],[-68.970747,-13.501449],[-68.980953,-12.867947],[-68.684252,-12.502492],[-69.577635,-10.952302],[-69.72021,-10.964911],[-69.956113,-10.919332],[-70.2894,-11.06475],[-70.534114,-10.938143],[-70.641342,-11.0108],[-70.638448,-9.851801],[-70.541865,-9.708244],[-70.624418,-9.565823],[-70.875488,-9.660494],[-70.997212,-9.803535],[-71.2997,-9.993394],[-72.195666,-10.00559],[-72.162903,-9.877225],[-72.265223,-9.762194],[-72.312662,-9.532544],[-72.813303,-9.410897],[-73.214984,-9.409037],[-72.972001,-9.134428],[-72.976084,-8.985394],[-73.174573,-8.720707],[-73.350583,-8.598337],[-73.356422,-8.479791],[-73.540829,-8.359075],[-73.668031,-8.013773],[-73.784949,-7.940393],[-73.712163,-7.788154],[-74.018475,-7.543518],[-73.902022,-7.373399],[-73.713093,-7.304669],[-73.812337,-7.102924],[-73.759421,-6.887434],[-73.370685,-6.583886],[-73.233587,-6.564043],[-73.126979,-6.39134],[-73.234776,-6.077561],[-72.97691,-5.651747],[-72.9735,-5.466125],[-72.896657,-5.271615],[-72.917948,-5.132089],[-72.614349,-5.009719],[-71.907208,-4.518431],[-71.363262,-4.45921],[-71.081574,-4.364125],[-70.968687,-4.385313],[-70.774254,-4.155042],[-70.585273,-4.194523],[-70.429934,-4.134165],[-70.205632,-4.342938],[-70.096621,-4.265733],[-70.050965,-4.337254],[-69.989392,-4.314619],[-69.962572,-4.264286],[-69.992751,-4.180881],[-70.188398,-4.028952],[-70.311104,-3.829274],[-70.490886,-3.87847],[-70.734127,-3.782042],[-70.050448,-2.714303],[-70.105794,-2.625213],[-70.23607,-2.62511],[-70.904556,-2.211078],[-71.119969,-2.252109],[-71.20906,-2.339236],[-71.746133,-2.132324],[-71.948653,-2.324146],[-72.378032,-2.450754],[-72.644321,-2.334068],[-72.935414,-2.425329],[-73.197775,-2.213559],[-73.111062,-2.073412],[-73.193021,-1.788675],[-73.350531,-1.790639],[-73.530985,-1.673747],[-73.497163,-1.477997],[-73.63656,-1.255168],[-74.266754,-0.972291],[-74.302798,-0.785429],[-74.417959,-0.542653],[-74.686573,-0.353414],[-74.824653,-0.170479],[-74.933458,-0.209443],[-75.120655,-0.054104],[-75.206748,-0.029093],[-75.344053,-0.149085],[-75.45526,-0.161178],[-75.637601,-0.111465],[-75.619566,-0.180918],[-75.484768,-0.247684],[-75.405625,-0.442401],[-75.260699,-0.54348],[-75.297027,-0.746982],[-75.227497,-0.963093],[-75.348729,-0.974978],[-75.412576,-0.923922],[-75.573031,-1.537321],[-76.091242,-2.128913],[-76.625266,-2.537673],[-77.867826,-2.990256],[-78.196411,-3.36367],[-78.350794,-3.389611],[-78.419679,-3.791034],[-78.682428,-4.326918],[-78.672661,-4.550987],[-78.898642,-4.694234],[-78.900218,-4.843683],[-79.009281,-4.96011],[-79.303217,-4.961246],[-79.450572,-4.810196],[-79.507209,-4.531557],[-79.657975,-4.438746],[-79.832874,-4.47895],[-80.140246,-4.283097],[-80.382867,-4.476263],[-80.483532,-4.433992],[-80.488545,-4.395958],[-80.345272,-4.198451],[-80.325506,-4.015413],[-80.165257,-3.890046],[-80.216391,-3.63156],[-80.279746,-3.415553],[-80.536244,-3.505304],[-80.807607,-3.739435],[-80.867787,-3.872735],[-81.264027,-4.252374],[-81.337558,-4.678304],[-81.063355,-5.022043],[-81.198476,-5.208103],[-80.931824,-5.463815],[-80.856212,-5.650462],[-80.939931,-5.850844],[-81.075194,-5.786785],[-81.130811,-6.034561],[-80.790528,-6.299692],[-80.298096,-6.544448],[-80.004547,-6.740899],[-79.931549,-6.883477],[-79.70824,-7.106777],[-79.61276,-7.266392],[-79.582509,-7.463637],[-79.465942,-7.715929],[-79.299713,-7.938653],[-78.98574,-8.217421],[-78.940262,-8.435526],[-78.759328,-8.608327],[-78.7643,-8.775112],[-78.632426,-9.072459],[-78.497411,-9.189538],[-78.414754,-9.362127],[-78.369904,-9.615432],[-78.229422,-9.793784],[-78.236308,-9.946889],[-77.968495,-10.49391],[-77.670539,-10.92752],[-77.594684,-11.165117],[-77.647257,-11.292316],[-77.360463,-11.461114],[-77.210927,-11.646417],[-77.145904,-11.932061],[-77.174916,-12.071873],[-76.853646,-12.302644],[-76.799079,-12.509342],[-76.516233,-12.869919],[-76.483347,-13.036296],[-76.221102,-13.357556],[-76.181264,-13.539483],[-76.267907,-14.049715],[-75.980636,-14.461099],[-75.930653,-14.649347],[-75.506581,-14.918227],[-75.376454,-15.134047],[-75.23412,-15.214532],[-75.048695,-15.460707],[-74.463068,-15.726724],[-74.398012,-15.826863],[-74.04662,-15.960138],[-74.004077,-16.037059],[-73.735015,-16.190118],[-73.325999,-16.330743],[-72.781321,-16.629327],[-72.440094,-16.714451],[-72.293365,-16.880629],[-71.807607,-17.191339],[-71.514516,-17.284601],[-71.400258,-17.400323],[-71.359609,-17.633071],[-71.086578,-17.869073],[-70.394703,-18.337746],[-70.159067,-18.32597],[-69.970345,-18.250625],[-69.783095,-17.981598],[-69.849835,-17.69159],[-69.683902,-17.656036],[-69.510089,-17.506588]]]} | B6: Peru
A7: {"type":"MultiPolygon","coordinates":[[[[-67.013967,-23.000714],[-67.362369,-24.030367],[-68.244486,-24.385384],[-68.451502,-24.629297],[-68.503695,-24.612347],[-68.578006,-24.808717],[-68.551031,-24.868765],[-68.473051,-24.907936],[-68.366649,-25.123427],[-68.516046,-25.183578],[-68.609942,-25.474206],[-68.559351,-25.663032],[-68.498476,-25.754913],[-68.409024,-26.144243],[-68.575164,-26.30351],[-68.570151,-26.550626],[-68.305361,-26.897995],[-68.330476,-27.044963],[-68.718617,-27.106665],[-68.870753,-27.198442],[-69.01741,-27.460442],[-69.190191,-27.951368],[-69.303233,-27.99953],[-69.420306,-28.212644],[-69.653031,-28.397852],[-69.803926,-29.098688],[-70.040655,-29.297539],[-69.915599,-29.805621],[-69.980375,-30.072479],[-69.835758,-30.161879],[-69.912136,-30.329517],[-70.217105,-30.515139],[-70.339785,-31.041722],[-70.5414,-31.188173],[-70.589769,-31.567684],[-70.42828,-31.870095],[-70.244467,-31.942235],[-70.335237,-32.140001],[-70.321801,-32.280147],[-70.160829,-32.485303],[-70.155739,-32.738414],[-70.000219,-32.876597],[-70.111194,-33.038447],[-70.010011,-33.299103],[-69.787674,-33.379408],[-69.895367,-33.662285],[-69.909552,-33.955704],[-69.828885,-34.23331],[-70.05758,-34.291187],[-70.067579,-34.414591],[-70.227828,-34.58533],[-70.353711,-34.953266],[-70.386629,-35.16669],[-70.542899,-35.209271],[-70.40823,-35.506204],[-70.386939,-36.058728],[-71.043282,-36.484335],[-71.145343,-36.68825],[-71.207148,-36.972367],[-71.089119,-37.103419],[-71.205597,-37.292658],[-71.117696,-37.466497],[-71.18503,-37.706069],[-71.007418,-38.071008],[-70.973751,-38.424682],[-70.848668,-38.527621],[-70.873835,-38.691436],[-71.236035,-38.811635],[-71.430235,-38.999117],[-71.412045,-39.317961],[-71.541959,-39.532315],[-71.714352,-39.601354],[-71.616632,-39.909863],[-71.683708,-40.098998],[-71.823751,-40.210103],[-71.674044,-40.324101],[-71.796414,-40.414535],[-71.955577,-40.720356],[-71.851449,-40.938327],[-71.903953,-41.367655],[-71.853258,-41.567332],[-71.925915,-41.653012],[-71.794037,-41.867469],[-71.736263,-42.08389],[-72.133706,-42.287599],[-72.03919,-42.48123],[-72.148434,-42.592645],[-72.148537,-42.998718],[-72.054434,-43.105378],[-71.742981,-43.190127],[-71.901731,-43.322006],[-71.7143,-43.602195],[-71.761842,-43.828435],[-71.659885,-43.92631],[-71.762204,-44.064079],[-71.822045,-44.40318],[-71.209783,-44.427571],[-71.29784,-44.795611],[-71.497104,-44.742901],[-71.85455,-44.79096],[-72.073503,-44.902168],[-71.588726,-44.978132],[-71.317167,-45.26721],[-71.489094,-45.498514],[-71.713732,-45.53324],[-71.801788,-45.72403],[-71.612291,-45.970526],[-71.770162,-46.112636],[-71.68717,-46.690069],[-71.9501,-46.813989],[-72.038156,-47.287035],[-72.361186,-47.450953],[-72.344443,-47.602261],[-72.543914,-47.9148],[-72.343047,-48.07045],[-72.295092,-48.333276],[-72.57678,-48.452132],[-72.592334,-48.791129],[-72.781212,-48.93386],[-73.009725,-48.990394],[-73.18434,-49.214256],[-73.471118,-49.317195],[-73.542586,-49.491035],[-73.521115,-49.60896],[-73.539512,-49.692676],[-73.57274,-49.932352],[-73.541475,-50.113736],[-73.301438,-50.299564],[-73.177725,-50.749459],[-72.755787,-50.616444],[-72.302843,-50.648897],[-72.258815,-51.245191],[-72.351212,-51.475978],[-72.300724,-51.691469],[-71.981726,-51.844948],[-71.965241,-51.970625],[-69.952754,-52.007419],[-69.485289,-52.132476],[-69.212256,-52.137953],[-68.820497,-52.243167],[-68.365611,-52.306204],[-68.685059,-52.005006],[-68.973511,-51.619952],[-69.167778,-50.978225],[-69.076519,-50.560172],[-68.876429,-50.330572],[-68.170109,-50.114034],[-67.894927,-49.996875],[-67.732012,-49.781302],[-67.607655,-49.265069],[-67.632558,-49.129978],[-67.405737,-48.904235],[-67.198285,-48.818353],[-67.114348,-48.67375],[-66.866435,-48.589834],[-65.968445,-48.047168],[-65.853409,-47.87959],[-65.735665,-47.509535],[-65.744902,-47.204164],[-65.979563,-47.066176],[-66.200493,-47.089587],[-66.786448,-47.006606],[-67.129995,-46.706596],[-67.42322,-46.567419],[-67.622467,-46.163751],[-67.578481,-45.992852],[-67.364597,-45.78661],[-67.331925,-45.613491],[-66.929266,-45.256534],[-66.200367,-44.992919],[-65.841592,-45.003216],[-65.643208,-44.668],[-65.460915,-44.600993],[-65.216885,-44.36641],[-65.214817,-44.137435],[-65.3308,-43.663344],[-65.039052,-43.395603],[-65.032338,-43.299412],[-64.765248,-43.147393],[-64.447581,-43.068617],[-64.433461,-42.976332],[-64.997141,-42.784845],[-64.946034,-42.654229],[-64.639638,-42.521742],[-64.437734,-42.506931],[-64.202382,-42.635431],[-64.251332,-42.775079],[-64.1079,-42.883722],[-63.736643,-42.824802],[-63.579335,-42.59295],[-63.597971,-42.299981],[-63.768648,-42.077723],[-64.16218,-42.209405],[-64.103586,-42.42783],[-64.602284,-42.422052],[-64.464223,-42.275323],[-64.857289,-42.193617],[-65.074534,-41.950942],[-64.999908,-41.79339],[-64.991363,-41.524102],[-65.061187,-41.448419],[-65.175689,-40.969171],[-65.131703,-40.84238],[-64.644765,-40.846449],[-63.779408,-41.158787],[-63.099517,-41.15488],[-62.7294,-41.041111],[-62.337799,-40.872735],[-62.229237,-40.658624],[-62.490061,-40.307875],[-62.35969,-40.191827],[-62.305043,-39.81113],[-62.114369,-39.821466],[-62.023915,-39.364841],[-62.339182,-39.194106],[-62.320465,-38.960707],[-62.37975,-38.798435],[-62.157338,-38.810479],[-62.026723,-38.937595],[-61.518056,-39.011489],[-61.143381,-39.001072],[-59.796864,-38.838474],[-59.632395,-38.783787],[-59.063222,-38.69378],[-58.330963,-38.492771],[-57.861887,-38.294122],[-57.55842,-38.120864],[-57.487416,-37.832208],[-57.055898,-37.412693],[-56.686431,-36.927667],[-56.697621,-36.396173],[-57.108266,-36.282322],[-57.366444,-35.987888],[-57.352625,-35.727524],[-57.128144,-35.441321],[-57.248769,-35.248793],[-57.522032,-35.013154],[-57.871032,-34.829915],[-58.315031,-34.657195],[-58.511465,-34.435945],[-58.37857,-34.188246],[-58.461049,-33.85947],[-58.549224,-33.705336],[-58.521718,-33.449314],[-58.412343,-33.298272],[-58.430165,-33.102634],[-58.146799,-33.049981],[-58.220082,-32.489516],[-58.096527,-32.280974],[-58.186547,-32.15292],[-58.152854,-31.835988],[-58.048881,-31.797128],[-57.979583,-31.598794],[-57.986818,-31.554145],[-58.075236,-31.475184],[-57.905117,-31.240986],[-57.807242,-30.90757],[-57.817887,-30.712026],[-57.889769,-30.550796],[-57.652729,-30.329104],[-57.633971,-30.183583],[-57.506175,-30.144309],[-57.325153,-29.981011],[-57.291511,-29.81513],[-57.094159,-29.751981],[-56.819034,-29.474996],[-56.617289,-29.160906],[-56.427972,-29.069852],[-56.286146,-28.780154],[-55.902035,-28.465135],[-55.772534,-28.231971],[-55.440746,-28.078905],[-55.314113,-27.914987],[-55.029634,-27.850702],[-54.898272,-27.623636],[-54.347712,-27.394296],[-53.964117,-27.154],[-53.830017,-27.156791],[-53.712505,-26.904507],[-53.724442,-26.376063],[-53.661552,-26.259791],[-53.833428,-25.962238],[-53.90996,-25.629236],[-54.082715,-25.550067],[-54.299239,-25.552651],[-54.473027,-25.625825],[-54.5323,-25.610632],[-54.545632,-25.574769],[-54.600203,-25.574945],[-54.583356,-25.644842],[-54.587904,-25.810827],[-54.662266,-25.979912],[-54.638288,-26.196953],[-54.793059,-26.644987],[-54.97527,-26.787821],[-55.414003,-26.979851],[-55.598281,-27.16754],[-55.591331,-27.328357],[-55.754732,-27.443698],[-55.892837,-27.334868],[-56.124554,-27.298901],[-56.279842,-27.389645],[-56.399731,-27.586842],[-56.54644,-27.455067],[-56.771155,-27.506744],[-56.904351,-27.418687],[-57.180097,-27.487313],[-57.335229,-27.409489],[-57.513358,-27.41414],[-58.021958,-27.259834],[-58.510765,-27.278437],[-58.653289,-27.156274],[-58.47547,-26.937993],[-58.247939,-26.758159],[-58.169959,-26.270333],[-58.086501,-26.12719],[-57.872716,-26.010298],[-57.774582,-25.701686],[-57.575318,-25.564433],[-57.55811,-25.44351],[-57.754067,-25.180891],[-58.224064,-24.941216],[-58.335995,-24.991858],[-58.473403,-24.851299],[-58.809196,-24.776781],[-59.000916,-24.644179],[-59.340973,-24.4876],[-60.033669,-24.007009],[-60.337372,-24.016414],[-60.63216,-23.892287],[-61.006349,-23.805471],[-61.109857,-23.606982],[-61.51606,-23.344982],[-61.732997,-23.243386],[-61.956446,-23.034407],[-62.25281,-22.603632],[-62.287227,-22.483949],[-62.625294,-22.305046],[-62.783476,-22.130896],[-62.818564,-22.000878],[-63.813129,-22.003049],[-63.947591,-22.007596],[-64.160549,-22.438474],[-64.355731,-22.751943],[-64.428285,-22.542344],[-64.572023,-22.343183],[-64.596207,-22.20655],[-65.020368,-22.096583],[-65.579894,-22.086454],[-65.744613,-22.11405],[-66.094488,-21.83293],[-66.240009,-21.792415],[-66.307602,-22.077049],[-66.735896,-22.225051],[-66.785092,-22.427622],[-67.032725,-22.524567],[-67.026628,-22.639392],[-67.193904,-22.822223],[-67.013967,-23.000714]]],[[[-68.641882,-54.782971],[-67.931956,-54.862481],[-67.030995,-54.905206],[-66.630067,-55.031097],[-65.993355,-54.972366],[-65.966225,-54.902073],[-65.358957,-54.92669],[-65.193715,-54.690199],[-65.309316,-54.62656],[-65.844228,-54.647393],[-66.482213,-54.4658],[-66.766582,-54.249842],[-67.140844,-54.123398],[-67.571523,-53.907973],[-67.558248,-53.836189],[-67.983632,-53.601332],[-68.111402,-53.343802],[-68.451351,-53.297717],[-68.520715,-53.120631],[-68.311431,-52.912042],[-68.627617,-52.639572],[-68.641882,-54.782971]]]]} | B7: Argentina
A8: {"type":"Polygon","coordinates":[[[34.137706,35.415107],[34.035622,35.471383],[33.66033,35.35932],[33.427501,35.328925],[32.920421,35.397773],[32.854924,35.079152],[32.553966,35.178046],[32.449962,35.058824],[32.276134,35.047756],[32.458995,34.721869],[32.707367,34.645413],[33.260102,34.700507],[33.605642,34.821763],[33.680349,34.966295],[33.957286,34.98192],[33.899913,35.164455],[33.951671,35.31151],[34.137706,35.415107]]]} | B8: Cyprus
A9: {"type":"MultiPolygon","coordinates":[[[[77.141265,35.525378],[77.039049,35.585013],[76.915026,35.583152],[76.824592,35.647799],[76.777351,35.646112],[77.048971,35.110442],[76.921123,34.920712],[76.743873,34.819271],[76.535824,34.726202],[76.438156,34.762892],[76.154969,34.661658],[76.023401,34.677161],[75.795818,34.507921],[75.655568,34.496965],[75.348093,34.55722],[75.212907,34.644967],[75.017777,34.629722],[74.348877,34.773434],[73.919343,34.642538],[73.774856,34.370952],[73.93774,34.304212],[73.976704,34.004592],[74.228368,34.012886],[74.177518,33.857547],[74.034581,33.828608],[73.976704,33.648387],[74.141552,33.549374],[74.002335,33.177692],[74.311257,32.994292],[74.34619,32.76689],[74.573773,32.75255],[74.724978,32.46081],[75.023668,32.466262],[75.35295,32.284387],[75.294659,32.148891],[74.828641,32.025437],[74.550415,31.826999],[74.489437,31.711192],[74.617181,31.458908],[74.532225,31.303207],[74.536773,31.115156],[74.401277,30.893103],[74.319215,30.893413],[74.057526,30.531367],[73.85175,30.372669],[73.944354,30.188288],[73.739716,30.048451],[73.370332,29.927322],[73.232873,29.536596],[72.930359,29.047685],[72.354581,28.767186],[72.256499,28.645591],[72.149942,28.353774],[71.908303,28.135571],[71.874403,27.95969],[71.560727,27.868533],[71.226329,27.845356],[70.831573,27.701463],[70.710391,27.74115],[70.633187,27.93163],[70.456247,28.039788],[70.341939,28.01147],[70.101953,27.81174],[69.993536,27.571083],[69.534443,27.125581],[69.465093,26.80777],[69.50416,26.735165],[69.815562,26.580291],[70.056064,26.589076],[70.158074,26.530113],[70.146912,26.217419],[70.064643,25.980327],[70.249231,25.707683],[70.653857,25.674455],[70.654478,25.39659],[70.848574,25.163323],[70.915237,24.946618],[71.063858,24.682577],[70.977145,24.464942],[70.996679,24.356602],[70.755453,24.231442],[70.567661,24.272809],[70.562907,24.424092],[70.416353,24.401948],[70.097871,24.298828],[70.052137,24.202064],[69.714587,24.168578],[69.563071,24.276762],[68.962643,24.257228],[68.747307,24.331177],[68.724466,23.965179],[68.353636,23.939289],[68.263926,23.93593],[68.26036,23.895545],[68.208751,23.696234],[68.561046,23.316107],[68.654063,23.157782],[69.201915,22.85224],[69.715831,22.746894],[69.833181,22.858466],[70.222016,22.959174],[70.392426,22.940863],[70.178477,22.561957],[69.972992,22.541449],[69.616059,22.355902],[69.212087,22.273912],[69.202159,22.414862],[68.983246,22.419379],[68.944591,22.295071],[69.198416,21.979722],[69.808604,21.465806],[70.057628,21.149237],[70.336681,20.927069],[70.740245,20.718492],[70.982432,20.71015],[71.46225,20.885321],[72.104747,21.205064],[72.104503,21.315009],[72.298839,21.626288],[72.166026,21.793931],[72.156505,21.925849],[72.307628,22.079006],[72.306488,22.22956],[72.573741,22.288235],[72.50172,21.97602],[72.566905,21.849351],[72.550304,21.666693],[72.82309,21.643948],[72.564626,21.38581],[72.809581,21.130032],[72.771983,21.023871],[72.900401,20.868109],[72.886485,20.531562],[72.74822,20.280341],[72.649181,19.851996],[72.741954,19.580797],[72.896821,18.894477],[72.851736,18.719672],[72.977387,18.295071],[73.005219,18.012356],[73.123302,17.735785],[73.125987,17.556545],[73.275727,17.078599],[73.302989,16.533026],[73.45281,16.166571],[73.447032,16.068915],[73.700857,15.723212],[73.782888,15.407904],[73.891287,15.343207],[74.096446,14.793362],[74.25294,14.71894],[74.358735,14.571234],[74.495372,14.030585],[74.614594,13.835517],[74.827647,12.824652],[75.193696,12.022284],[75.506114,11.72724],[75.608897,11.484931],[75.735525,11.371527],[75.922048,10.76557],[76.052419,10.513983],[76.280772,9.842841],[76.311778,9.492987],[76.543956,8.912502],[76.99586,8.368109],[77.308604,8.130927],[77.510916,8.075995],[77.768321,8.181545],[78.055919,8.363715],[78.128266,8.488023],[78.182791,8.877102],[78.41212,9.09984],[79.074718,9.299872],[78.913259,9.47427],[78.980805,9.667182],[79.279063,10.035834],[79.236339,10.166571],[79.398123,10.324652],[79.759776,10.258246],[79.8567,10.29328],[79.833018,11.341986],[79.751964,11.576972],[79.861827,12.02204],[80.179698,12.53262],[80.332774,13.198147],[80.326996,13.430365],[80.119395,13.500678],[80.052989,13.619086],[80.249278,13.800279],[80.149669,14.027737],[80.128184,14.256537],[80.196951,14.565009],[80.108165,14.714342],[80.052989,15.092597],[80.090587,15.304877],[80.279633,15.70067],[80.393321,15.797024],[80.670177,15.907701],[80.998871,15.846747],[81.14975,15.969631],[81.259613,16.332709],[81.411388,16.382514],[81.76295,16.322577],[82.068614,16.444281],[82.307384,16.579779],[82.365571,16.811591],[82.252696,16.929185],[82.387706,17.126939],[82.718516,17.348619],[83.238943,17.592963],[83.613943,18.045152],[84.113129,18.298285],[84.143891,18.374823],[84.423676,18.636461],[84.791026,19.120592],[85.180431,19.475002],[85.102875,19.529608],[85.268077,19.780015],[85.440115,19.896226],[85.576508,19.745836],[86.089041,19.844224],[86.372406,19.964993],[86.495128,20.184068],[86.754649,20.314439],[86.751475,20.489163],[86.994884,20.670722],[86.844005,21.082221],[86.917654,21.327379],[87.200938,21.551988],[87.703787,21.655504],[88.146739,21.959215],[88.254405,21.554674],[88.392589,21.698554],[88.572276,21.557929],[88.567068,21.850816],[88.689952,21.94599],[88.70753,21.578315],[88.891612,21.65351],[89.082693,21.617336],[89.009532,21.904608],[89.060883,21.938463],[89.036876,22.085598],[89.043712,22.137397],[89.078159,22.150845],[89.00912,22.285618],[88.908144,22.740784],[88.944524,22.848012],[88.838794,22.975808],[88.959975,23.202693],[88.69658,23.252354],[88.719421,23.468104],[88.540104,23.649953],[88.577621,23.85516],[88.71415,23.925156],[88.67808,24.154289],[88.737508,24.287097],[88.475405,24.315468],[88.10995,24.500986],[88.02179,24.645603],[88.20245,24.9453],[88.322753,24.874684],[88.441299,25.18973],[88.924163,25.167871],[88.814919,25.458602],[88.530286,25.500202],[88.259915,25.789021],[88.074396,25.908135],[88.163796,26.140473],[88.326267,26.21592],[88.461143,26.45389],[88.315105,26.465052],[88.411016,26.545099],[88.656273,26.415133],[88.824841,26.226566],[88.94101,26.439421],[89.102912,26.327335],[89.11919,26.146622],[89.335301,25.998569],[89.541697,25.959709],[89.718482,26.145537],[89.834392,25.931752],[89.783129,25.814446],[89.834392,25.634767],[89.795015,25.374163],[89.908134,25.296907],[90.364644,25.149991],[90.82198,25.142291],[91.235702,25.201925],[91.431866,25.13795],[92.033999,25.181668],[92.303544,25.074285],[92.483791,24.928221],[92.233781,24.777533],[92.107587,24.405979],[91.899847,24.33805],[91.807037,24.221133],[91.629063,24.215319],[91.581831,24.096101],[91.363033,24.099848],[91.216272,23.908387],[91.132349,23.720646],[91.175241,23.670313],[91.287275,23.355552],[91.463595,23.184116],[91.586068,22.944466],[91.795564,23.089496],[91.743681,23.272327],[92.019013,23.640057],[92.150788,23.731653],[92.252797,23.609309],[92.348606,23.354105],[92.359871,22.926612],[92.495883,22.695618],[92.577015,22.168674],[92.575879,21.977574],[92.650913,22.019174],[92.836121,22.046511],[92.967172,22.062685],[93.123545,22.230686],[93.16592,22.386593],[93.099154,22.51196],[93.079517,22.77272],[93.175532,22.881705],[93.272787,23.00591],[93.3749,23.129726],[93.430297,23.680339],[93.374796,23.739017],[93.355986,23.906991],[93.711106,24.005461],[94.131856,23.856969],[94.29536,24.332599],[94.516329,24.704953],[94.581544,24.73012],[94.708565,25.02589],[94.553329,25.204147],[94.659472,25.455502],[94.860287,25.567174],[95.008805,25.737138],[95.00064,25.922036],[95.08818,26.104093],[95.040638,26.475594],[95.122803,26.611607],[95.410641,26.701627],[95.489809,26.810716],[95.699305,26.896189],[96.142586,27.25751],[96.510936,27.292495],[96.705239,27.36076],[96.865332,27.171624],[97.134773,27.127338],[96.877011,27.463079],[96.87019,27.61909],[97.036175,27.78846],[96.655733,27.958191],[96.404069,28.163037],[96.33384,28.116218],[96.181653,28.215695],[95.988538,28.163037],[95.842191,28.262514],[95.286204,28.075238],[95.233546,27.905507],[94.882404,27.735776],[94.484393,27.595319],[94.19764,27.542661],[94.092272,27.402179],[93.805468,27.168084],[93.770379,27.027602],[93.588943,26.928125],[93.103185,26.863736],[92.769562,26.881306],[92.640836,26.969053],[92.582286,26.969053],[92.4594,26.904715],[92.131616,26.852057],[91.975088,26.846631],[91.87866,26.803016],[91.296577,26.774594],[91.062069,26.804567],[90.587783,26.780072],[90.348831,26.896654],[90.17742,26.832058],[90.152202,26.771752],[90.089157,26.741728],[89.834961,26.731548],[89.609806,26.712221],[89.442891,26.797022],[89.341657,26.854331],[89.128079,26.813455],[89.021574,26.912674],[88.851713,26.945437],[88.730067,27.150954],[88.892331,27.315543],[88.741642,27.53168],[88.805669,27.655109],[88.851558,27.877163],[88.810682,27.927857],[88.802931,28.011005],[88.594003,28.106606],[88.37877,27.982634],[88.118218,27.860885],[88.159662,27.77412],[88.02334,27.494912],[88.035122,27.322571],[87.969183,27.110801],[88.151394,26.862806],[88.169067,26.744002],[88.044321,26.405676],[87.869809,26.464639],[87.586984,26.378029],[87.416452,26.426967],[87.2191,26.408105],[87.10629,26.404746],[87.041333,26.580187],[86.713601,26.414565],[86.284428,26.61202],[86.01137,26.654447],[85.828538,26.566131],[85.598578,26.854383],[85.302369,26.737336],[85.162016,26.851024],[85.018562,26.845804],[84.817489,27.0106],[84.627268,27.03649],[84.606546,27.310479],[84.289408,27.376108],[84.11717,27.513283],[84.007668,27.440807],[83.387034,27.470469],[83.282441,27.330943],[83.132786,27.444217],[82.752137,27.494964],[82.679687,27.694409],[82.401926,27.677175],[82.02722,27.912406],[81.855654,27.850937],[81.473455,28.066402],[81.296205,28.12831],[81.169701,28.361319],[80.905273,28.440849],[80.635625,28.627866],[80.329701,28.627479],[80.036386,28.837026],[80.132607,29.110214],[80.280092,29.31015],[80.213739,29.416888],[80.385201,29.604835],[80.368975,29.757926],[80.715827,30.013311],[80.920828,30.17666],[80.976018,30.255209],[80.781663,30.320993],[80.596351,30.459796],[80.252806,30.565009],[80.16661,30.674408],[80.157102,30.79316],[80.062534,30.784789],[79.739039,30.979247],[79.577809,30.938371],[79.28222,31.138204],[79.19375,31.335349],[78.745095,31.308116],[78.699516,31.510016],[78.818889,31.607374],[78.670887,31.770517],[78.744578,31.9642],[78.457981,32.229662],[78.408165,32.558376],[78.630166,32.578013],[78.943429,32.346373],[79.215247,32.507914],[79.23106,32.791798],[79.173596,32.822545],[79.232404,32.881922],[79.228476,32.922023],[79.176076,32.993465],[79.10931,33.007909],[79.095048,33.055115],[79.0874,33.215596],[78.973298,33.30957],[78.824263,33.461059],[78.781372,33.552785],[78.794084,33.74391],[78.721117,33.994386],[78.730109,34.079265],[78.976192,34.217163],[78.98539,34.286358],[78.95118,34.349171],[78.801732,34.415006],[78.664583,34.526421],[78.379432,34.578666],[78.296027,34.624658],[78.148129,34.94314],[78.130042,35.055432],[78.001161,35.268908],[78.044259,35.491633],[77.985865,35.494165],[77.883132,35.431068],[77.660613,35.458095],[77.141265,35.525378]]],[[[93.016287,13.567369],[92.847423,13.344916],[92.854177,13.146064],[92.800304,12.857815],[92.737478,12.807196],[92.717784,12.362494],[92.792654,12.207668],[92.640147,12.136135],[92.563243,11.725572],[92.71697,11.494452],[92.79949,11.899115],[92.740571,11.983629],[92.894216,12.205024],[92.879242,12.312974],[92.990571,12.519232],[92.964041,12.864936],[93.079438,13.259833],[93.016287,13.567369]]],[[[92.582116,10.790261],[92.376721,10.78402],[92.417003,10.629059],[92.535423,10.524861],[92.582116,10.790261]]],[[[93.855317,7.214179],[93.676443,7.181871],[93.649181,7.013088],[93.76531,6.924302],[93.929861,6.959052],[93.855317,7.214179]]]]} | B9: India
A10: {"type":"MultiPolygon","coordinates":[[[[110.685069,20.153306],[110.569347,20.079779],[110.382986,20.081041],[110.122732,19.974311],[109.719005,20.010647],[109.443614,19.872992],[109.255138,19.898342],[109.156505,19.649644],[109.008474,19.597073],[108.626964,19.27497],[108.623871,18.849189],[108.693614,18.719875],[108.684906,18.515204],[109.162608,18.287828],[109.439952,18.288967],[109.568044,18.169338],[109.746104,18.395901],[110.020518,18.450507],[110.270844,18.668158],[110.397227,18.703762],[110.513357,18.906399],[110.669688,19.381741],[110.994395,19.694281],[110.934581,19.995063],[110.788341,20.010403],[110.685069,20.153306]]],[[[121.635997,25.222805],[121.497813,25.278754],[121.378754,25.157945],[121.031993,25.029242],[120.826671,24.666083],[120.702159,24.607001],[120.493175,24.230658],[120.18922,23.774807],[120.059418,23.151028],[120.246349,22.709906],[120.38087,22.483873],[120.511974,22.42475],[120.696951,22.113227],[120.879242,22.055813],[120.886567,22.365953],[121.021007,22.647895],[121.177419,22.778632],[121.400076,23.145494],[121.662852,24.193101],[121.840017,24.48135],[121.814626,24.831732],[121.905772,24.9501],[121.905121,25.106594],[121.635997,25.222805]]],[[[121.91289,31.456332],[121.918966,31.578463],[121.663223,31.652352],[121.386133,31.811736],[121.314464,31.655585],[121.571544,31.529364],[121.91289,31.456332]]],[[[123.541895,53.514099],[123.153599,53.513117],[121.888973,53.43059],[121.203485,53.276749],[120.874255,53.28016],[120.280182,52.865922],[120.032962,52.760657],[120.079368,52.589969],[120.454022,52.639036],[120.72398,52.542169],[120.626156,52.346806],[120.758086,52.237407],[120.77917,52.117595],[120.697314,52.04871],[120.647602,51.911019],[120.493141,51.875724],[120.165616,51.668553],[119.819642,51.274727],[119.740835,51.071535],[119.517955,50.904801],[119.496664,50.737059],[119.293576,50.599238],[119.17534,50.356101],[119.356621,50.340753],[119.31621,50.092654],[119.091676,49.986562],[118.644365,49.954575],[118.188475,49.681258],[117.836869,49.50902],[117.47286,49.614285],[117.057588,49.672886],[116.684278,49.823265],[116.037806,48.870145],[116.028194,48.767464],[115.800404,48.530372],[115.799991,48.242328],[115.51422,48.131637],[115.575715,47.909738],[115.914506,47.683912],[116.243891,47.862894],[116.49969,47.836358],[116.822047,47.876304],[117.069681,47.810158],[117.360826,47.650865],[117.766899,47.993144],[118.182481,48.028206],[118.542252,47.966246],[118.767406,47.756156],[119.08346,47.661562],[119.133896,47.527539],[119.699959,47.159526],[119.896433,46.898586],[119.872662,46.673225],[119.680116,46.591628],[119.036951,46.668729],[118.846523,46.765493],[118.720071,46.676739],[118.268987,46.722937],[117.673365,46.516025],[117.412502,46.524629],[117.337468,46.357275],[116.814606,46.38673],[116.568316,46.290871],[116.213195,45.908155],[116.169891,45.709097],[116.002149,45.675559],[115.667389,45.454281],[115.33728,45.394698],[114.938855,45.373769],[114.703313,45.427151],[114.533711,45.3855],[114.418886,45.20148],[114.089294,44.961753],[113.889306,44.908268],[113.604776,44.739699],[112.748497,44.865273],[112.412807,45.066036],[111.973351,45.087017],[111.843333,45.039526],[111.738533,44.9663],[111.538235,44.58343],[111.424134,44.448037],[111.396435,44.346597],[111.49059,44.282621],[111.519425,44.18857],[111.634457,44.065942],[111.838785,43.938792],[111.933353,43.696636],[111.753829,43.663202],[111.567691,43.50254],[110.973412,43.3156],[110.406728,42.768605],[110.060186,42.638355],[109.667342,42.54898],[109.485131,42.449296],[108.961287,42.447539],[108.796852,42.398369],[108.177355,42.454309],[106.767829,42.286619],[105.200896,41.743474],[104.892336,41.644772],[104.504918,41.656554],[104.500784,41.870598],[103.691427,41.759235],[103.073481,42.004517],[102.034164,42.18461],[101.735371,42.461156],[101.524945,42.537456],[101.21871,42.529834],[100.016975,42.676518],[99.474476,42.564199],[97.193271,42.78726],[96.357767,42.724499],[96.318699,42.910069],[95.874385,43.247103],[95.832837,43.408902],[95.535284,43.95768],[95.318967,44.017108],[95.397722,44.280502],[95.036814,44.254974],[94.69823,44.343496],[94.338458,44.512116],[94.181879,44.660841],[93.927424,44.672933],[93.714,44.874575],[93.525278,44.951263],[92.847593,45.039112],[92.475109,44.997461],[92.042991,45.074821],[91.533978,45.0711],[91.056798,45.217551],[90.873243,45.186184],[90.651138,45.493142],[90.710773,45.752196],[91.002435,46.021843],[90.896188,46.302033],[91.047496,46.566409],[90.885129,46.944733],[90.712116,47.014702],[90.46872,47.308922],[90.3448,47.658642],[90.082852,47.756104],[90.044612,47.879766],[89.751296,47.824317],[89.5418,48.031023],[89.354266,48.038774],[89.218719,47.976969],[89.045551,47.992989],[88.916825,48.105954],[88.805411,48.105954],[88.596225,48.197679],[88.565116,48.342993],[88.50269,48.392551],[88.304873,48.469006],[87.942828,48.599489],[88.05941,48.708087],[87.821078,48.788289],[87.8726,48.96802],[87.821905,49.02874],[87.816324,49.165837],[87.506059,49.120879],[87.400432,49.071011],[87.116315,49.129767],[86.859483,49.105324],[86.709415,48.954222],[86.751996,48.715426],[86.565083,48.527323],[86.19203,48.418234],[85.783683,48.407589],[85.586383,48.141249],[85.515379,47.92028],[85.670357,47.384344],[85.65966,47.206525],[85.498636,47.051832],[85.225836,47.041574],[84.916036,46.850552],[84.663545,46.983852],[83.905348,46.973956],[83.524493,47.067102],[83.150356,47.211538],[83.021475,47.205905],[82.985508,46.94251],[82.838953,46.732446],[82.674364,46.331127],[82.568272,46.19651],[82.488949,45.901695],[82.291493,45.533191],[82.631989,45.415834],[82.614574,45.248557],[82.475823,45.115697],[82.245295,45.231814],[81.950119,45.144481],[81.765169,45.307727],[81.54203,45.293309],[80.853855,45.126497],[80.445353,45.104225],[80.103358,45.032188],[79.858205,44.90372],[79.991737,44.793649],[80.244745,44.815974],[80.492275,44.727969],[80.330424,44.45305],[80.403805,44.04894],[80.712727,43.458873],[80.618469,43.134267],[80.368148,43.02846],[80.548602,42.878469],[80.248259,42.816199],[80.143769,42.644762],[80.268413,42.237966],[80.210328,42.189519],[80.231206,42.033689],[79.842909,42.00183],[79.747514,41.879745],[79.282323,41.783497],[78.658278,41.532453],[78.359899,41.377527],[78.34946,41.270402],[78.074955,41.039512],[77.831042,41.062973],[77.503517,40.981066],[77.007733,41.044214],[76.766818,40.944685],[76.647859,40.764851],[76.556391,40.56569],[76.476499,40.436138],[76.244162,40.441202],[76.051616,40.390197],[75.901858,40.298885],[75.681819,40.291702],[75.559863,40.63287],[75.19389,40.441254],[74.835359,40.511637],[74.705755,40.331286],[74.369858,40.105822],[74.167596,40.10639],[73.957894,40.021434],[73.818574,39.786048],[73.893505,39.710394],[73.921617,39.582133],[73.838314,39.475679],[73.632642,39.448343],[73.607837,39.207324],[73.829116,38.960155],[73.717185,38.918582],[73.683698,38.854942],[73.797387,38.602839],[73.932882,38.529665],[74.037269,38.598472],[74.123361,38.669475],[74.313427,38.669217],[74.760325,38.519975],[74.790711,38.081449],[74.880421,38.02166],[74.965171,37.767463],[74.891893,37.599205],[75.164125,37.400638],[74.892307,37.231114],[74.721464,37.297776],[74.456674,37.177318],[74.542354,37.021669],[74.66245,37.054484],[74.87236,36.907102],[75.100149,36.994125],[75.377962,36.894287],[75.431912,36.722928],[75.64978,36.754037],[75.849768,36.644741],[75.976582,36.462633],[76.014409,36.230399],[75.901444,36.113611],[76.08996,35.978115],[76.166027,35.806239],[76.403119,35.830992],[76.570757,35.751256],[76.763407,35.647076],[76.842989,35.641288],[76.896422,35.589612],[77.058169,35.580103],[77.141265,35.525378],[77.660613,35.458095],[77.760349,35.498093],[77.88985,35.481763],[77.954755,35.561706],[78.10162,35.538297],[78.161875,35.623615],[78.275769,35.694722],[78.545314,35.781125],[78.735276,35.919462],[78.909426,35.89135],[79.323664,35.980027],[79.423916,35.939823],[79.433735,35.855694],[79.545666,35.864634],[79.626901,35.82045],[79.614809,35.741644],[79.665142,35.654827],[79.794643,35.618757],[79.833711,35.561035],[79.909882,35.613021],[80.039796,35.400528],[80.126406,35.451429],[80.186247,35.554575],[80.266139,35.500573],[80.357606,35.502072],[80.362774,35.424919],[80.255494,35.312678],[80.173845,35.071917],[80.169917,34.870586],[80.085582,34.776586],[80.035249,34.657472],[79.866783,34.658041],[79.523032,34.426091],[79.551557,34.209567],[79.488202,34.181894],[79.495023,34.10593],[79.40552,34.021904],[78.935057,34.00715],[78.887515,33.946456],[78.991281,33.75192],[79.012779,33.633685],[78.89599,33.620094],[78.915948,33.387656],[78.973298,33.30957],[79.0874,33.215596],[79.153649,33.226914],[79.378648,33.164282],[79.334206,32.956827],[79.499984,32.746839],[79.47642,32.645424],[79.294312,32.494581],[79.215247,32.507914],[78.943429,32.346373],[78.630166,32.578013],[78.408165,32.558376],[78.457981,32.229662],[78.744578,31.9642],[78.670887,31.770517],[78.818889,31.607374],[78.699516,31.510016],[78.745095,31.308116],[79.19375,31.335349],[79.28222,31.138204],[79.577809,30.938371],[79.739039,30.979247],[80.062534,30.784789],[80.157102,30.79316],[80.16661,30.674408],[80.252806,30.565009],[80.596351,30.459796],[80.781663,30.320993],[80.976018,30.255209],[81.097768,30.016929],[81.21683,30.008195],[81.350052,30.15723],[81.387518,30.373909],[81.614015,30.416904],[81.779018,30.358045],[82.073212,30.337219],[82.084994,30.230817],[82.153827,30.058166],[82.541814,29.923239],[82.836576,29.659793],[83.173558,29.621268],[83.355201,29.460735],[83.523718,29.183594],[83.914392,29.289402],[84.08973,29.256613],[84.235147,28.90002],[84.677756,28.604405],[84.92849,28.538466],[85.077577,28.435681],[85.087395,28.304113],[85.362572,28.259672],[85.611807,28.251145],[85.863368,28.143348],[85.98026,27.885172],[86.061703,27.889048],[86.068731,28.076763],[86.425298,27.909925],[86.612315,28.080277],[86.731739,28.076918],[87.155796,27.825796],[87.726821,27.807761],[87.836685,27.908323],[88.118218,27.860885],[88.115737,27.947262],[88.37877,27.982634],[88.610488,28.105831],[88.81771,27.994881],[88.810682,27.927857],[88.853884,27.843676],[88.741642,27.53168],[88.892331,27.315543],[88.997019,27.330869],[88.978366,27.530283],[89.124655,27.614852],[89.22492,27.807813],[89.336025,27.869075],[89.579421,28.14464],[89.755844,28.184379],[89.91613,28.315601],[90.07086,28.34523],[90.225591,28.358399],[90.29147,28.261351],[90.587726,28.233298],[90.667468,28.090328],[90.90952,28.032657],[91.008842,27.96677],[91.092558,27.971679],[91.194671,28.070587],[91.637951,27.939743],[91.632887,27.759444],[91.975088,27.726577],[92.106553,27.810862],[92.303854,27.78616],[92.439039,27.82329],[92.628485,27.915765],[92.678611,28.133064],[92.779174,28.195903],[92.85028,28.19195],[93.09316,28.366642],[93.155378,28.494851],[93.220043,28.541654],[93.446213,28.671894],[93.722475,28.696647],[93.908614,28.798243],[93.918536,28.833228],[94.250183,28.933107],[94.347311,29.024349],[94.270786,29.09793],[94.287505,29.147938],[94.335771,29.149617],[94.396439,29.207081],[94.514778,29.22106],[94.599941,29.316635],[94.704224,29.284699],[94.776571,29.166696],[94.988238,29.124296],[94.954648,29.169073],[95.274437,29.112646],[95.409827,29.130306],[95.466348,29.12272],[95.521435,29.137861],[95.515337,29.209433],[95.56443,29.245606],[95.717165,29.218284],[95.744781,29.340432],[95.863134,29.323985],[95.953735,29.359219],[96.141966,29.368467],[96.176279,29.286456],[96.235293,29.241214],[96.316425,29.171864],[96.183514,29.123779],[96.195338,29.027015],[96.351373,29.097482],[96.457605,28.994588],[96.576668,28.808527],[96.59801,28.70991],[96.965791,28.330468],[97.11555,28.366564],[97.323496,28.217478],[97.447829,28.297602],[97.527721,28.529526],[97.670451,28.511284],[97.765329,28.352431],[97.897518,28.355325],[98.118693,28.14079],[98.107117,27.973074],[98.294703,27.536615],[98.410251,27.684254],[98.647239,27.611727],[98.674421,27.386598],[98.672561,27.175603],[98.737776,27.048686],[98.755553,26.625043],[98.713488,26.38945],[98.54554,26.105643],[98.582437,25.982291],[98.610032,25.800597],[98.498101,25.830724],[98.312066,25.557459],[98.099779,25.500047],[98.112078,25.396229],[98.044899,25.311944],[97.90992,25.207558],[97.82362,25.261612],[97.754064,25.113559],[97.708278,24.927291],[97.66394,24.829778],[97.532785,24.723324],[97.513252,24.438587],[97.6473,24.432334],[97.718407,24.277667],[97.720061,24.147442],[97.516456,23.942829],[97.624666,23.846711],[97.889973,24.022617],[98.10505,24.101527],[98.434952,24.13026],[98.585227,24.075715],[98.663672,23.796947],[98.793173,23.758473],[98.889602,23.406789],[98.859009,23.179387],[99.194183,23.095775],[99.333812,23.129623],[99.493079,23.057379],[99.538038,22.926431],[99.307974,22.745176],[99.35779,22.495476],[99.243068,22.393156],[99.175062,22.168674],[99.252887,22.102786],[99.538968,22.106714],[99.96566,21.963002],[99.95026,21.721156],[100.142807,21.654907],[100.086066,21.550934],[100.162496,21.436367],[100.341968,21.530367],[100.621744,21.469078],[100.834909,21.657542],[101.118871,21.75981],[101.168842,21.637853],[101.171426,21.403398],[101.208995,21.245526],[101.244342,21.192868],[101.292711,21.176073],[101.517607,21.242632],[101.704262,21.135093],[101.760072,21.195968],[101.823738,21.234467],[101.715114,21.321129],[101.736198,21.570881],[101.751081,21.816137],[101.555434,22.090332],[101.601219,22.276988],[101.689121,22.478887],[101.75506,22.495527],[101.867921,22.378842],[101.994994,22.447416],[102.164544,22.425506],[102.252549,22.495476],[102.35585,22.669935],[102.535787,22.695825],[102.831842,22.599707],[103.029039,22.430157],[103.244891,22.668695],[103.401729,22.737838],[103.503635,22.581413],[103.646934,22.799049],[103.959525,22.507103],[104.086856,22.791556],[104.340173,22.686368],[104.553545,22.836049],[104.700772,22.818247],[104.823606,22.924132],[104.797923,23.085569],[105.245544,23.330179],[105.425895,23.273206],[105.551572,23.059679],[105.690324,23.043969],[105.853879,22.90465],[105.999245,22.975369],[106.202385,22.946998],[106.255405,22.854653],[106.487794,22.925423],[106.789843,22.797188],[106.680186,22.57945],[106.526913,22.43827],[106.63378,22.30944],[106.728761,22.008322],[107.009364,21.927448],[107.002905,21.810556],[107.272656,21.718314],[107.348155,21.599355],[107.501324,21.581526],[107.744823,21.657542],[107.811641,21.647827],[107.991222,21.485663],[108.337657,21.697455],[108.477794,21.698554],[108.571381,21.812812],[108.787364,21.641425],[109.135753,21.602973],[109.138682,21.401597],[109.649669,21.520453],[109.81422,21.458401],[109.773204,21.215399],[109.670177,21.123236],[109.661225,20.927558],[109.786876,20.691148],[109.822113,20.516547],[110.009776,20.434231],[109.928722,20.326361],[110.127533,20.247992],[110.40683,20.305162],[110.53419,20.478258],[110.362804,20.643378],[110.368988,20.848863],[110.177257,20.862494],[110.143077,20.992255],[110.399425,21.176581],[110.636485,21.23017],[110.768158,21.397528],[111.08839,21.472642],[111.630463,21.529853],[111.779633,21.675442],[112.028168,21.797349],[112.172699,21.814439],[112.286225,21.708808],[112.426036,21.84516],[112.550873,21.772854],[112.82602,21.966132],[112.911586,21.856291],[113.247162,22.054267],[113.302745,22.183295],[113.483745,22.155142],[113.587655,22.237882],[113.546355,22.437585],[113.59917,22.57518],[113.350434,22.889716],[113.617198,22.890286],[113.758067,22.753404],[113.890345,22.452712],[113.963796,22.538113],[114.055268,22.506944],[114.395763,22.613511],[114.754893,22.781684],[114.865816,22.601745],[115.065475,22.795985],[115.363994,22.763645],[115.575219,22.668336],[115.560557,22.849311],[115.684266,22.877779],[115.81003,22.746091],[116.281458,22.957857],[116.494688,22.939352],[116.533648,23.109135],[116.646755,23.162991],[116.866628,23.450233],[116.872081,23.606879],[117.219201,23.629628],[117.277354,23.782213],[117.434331,23.775922],[117.761729,24.014838],[117.893647,24.028022],[118.071788,24.254584],[118.042979,24.406684],[117.867686,24.489569],[118.044444,24.617662],[118.181163,24.576117],[118.428071,24.631334],[118.620453,24.545478],[118.76295,24.762681],[118.729503,24.900539],[119.01767,24.960273],[118.87558,25.243842],[119.175629,25.1765],[119.10255,25.420315],[119.277843,25.570461],[119.646007,25.392564],[119.579438,25.584662],[119.599864,25.844184],[119.695404,26.002631],[119.519054,26.044501],[119.681895,26.317125],[119.818858,26.453192],[119.829194,26.714993],[120.079682,26.796942],[120.278331,27.063788],[120.517833,27.201606],[120.596574,27.570283],[120.965228,27.987145],[121.124753,28.23552],[121.345795,28.145168],[121.408946,28.304918],[121.656342,28.339301],[121.502778,28.700385],[121.62143,28.735907],[121.717784,28.948798],[121.62143,29.113267],[121.942963,29.195868],[121.915782,29.640855],[121.442593,29.415369],[121.44337,29.524237],[121.687348,29.562649],[121.935557,29.887356],[121.721934,29.960517],[121.429592,30.292976],[121.149697,30.325753],[120.892812,30.169796],[120.734401,30.232213],[120.915131,30.374579],[120.998146,30.557924],[121.542937,30.816495],[121.960075,30.874257],[121.95082,30.982081],[121.725164,31.281567],[121.320323,31.504828],[121.115087,31.796334],[121.286418,31.890589],[121.817306,31.690949],[121.922057,31.754378],[121.798644,31.970475],[121.44337,32.114325],[121.389409,32.384948],[121.100841,32.497952],[120.830333,32.697659],[120.904796,32.812649],[120.895763,33.013577],[120.667247,33.3251],[120.634369,33.466946],[120.483735,33.64997],[120.257091,34.311835],[119.939952,34.457913],[119.647716,34.53384],[119.34669,34.780829],[119.22934,34.759711],[119.192882,35.000434],[119.358002,35.097113],[119.42392,35.313463],[119.551524,35.380032],[119.64796,35.58393],[120.00294,35.727769],[120.175304,35.890041],[120.097179,36.226386],[120.361583,36.191636],[120.353526,36.040839],[120.704845,36.156236],[120.643647,36.322496],[120.714122,36.428697],[121.157725,36.668606],[122.049164,36.979926],[122.185313,36.849921],[122.436371,36.870673],[122.54005,37.027737],[122.549653,37.31977],[122.183197,37.418158],[122.121837,37.56273],[121.937836,37.46426],[121.63502,37.481269],[121.171641,37.577094],[120.925792,37.819281],[120.738048,37.83397],[120.3685,37.694729],[120.187592,37.511786],[119.858897,37.360175],[119.7706,37.151842],[119.441173,37.120551],[119.145518,37.17886],[118.961192,37.29564],[118.969981,37.593451],[119.069472,37.740631],[118.996593,37.963121],[118.840099,38.152574],[118.542979,38.068345],[118.053727,38.173253],[117.837169,38.270901],[117.543549,38.621324],[117.715424,39.111396],[118.02802,39.219798],[118.326096,39.030932],[118.529146,39.124653],[118.969981,39.193305],[119.184804,39.354814],[119.349864,39.731757],[119.535592,39.890826],[119.911998,39.998088],[119.950277,40.056502],[120.472016,40.214301],[120.545665,40.402411],[120.798432,40.599677],[120.981944,40.826809],[121.361339,40.939643],[121.575043,40.841498],[121.851085,40.832261],[122.049083,40.74608],[122.30185,40.502346],[121.995668,40.123895],[121.470714,39.810248],[121.533295,39.622301],[121.436046,39.508612],[121.674083,39.088039],[121.334321,38.968573],[121.236664,38.798489],[121.6963,38.862942],[121.635753,38.995307],[122.042328,39.059719],[122.29005,39.350979],[123.009125,39.680487],[123.223155,39.679755],[123.417084,39.82453],[123.591401,39.784329],[124.137218,39.842353],[124.2942,39.933783],[124.358246,40.089057],[124.570877,40.252428],[124.895508,40.483628],[125.469065,40.712917],[125.760933,40.885671],[125.980558,40.913628],[126.274752,41.15258],[126.501301,41.434371],[126.617883,41.665933],[126.929802,41.801041],[127.058993,41.643299],[127.305128,41.494678],[128.14611,41.376339],[128.303,41.583406],[128.047822,41.863983],[128.034593,41.993743],[128.261969,42.032862],[128.502368,41.996094],[128.963838,42.088517],[129.211162,42.219956],[129.23607,42.374366],[129.434094,42.441106],[129.703328,42.442372],[129.757278,42.734705],[129.934115,43.00841],[130.239006,42.90224],[130.262674,42.708609],[130.452533,42.549342],[130.530771,42.53048],[130.503899,42.67781],[130.379669,42.696671],[130.586478,42.817258],[130.734893,42.824493],[130.992448,42.848729],[131.183961,43.120806],[131.274292,43.451199],[131.170319,43.781101],[131.264473,44.054211],[131.065829,44.682028],[130.933434,44.841708],[131.433765,44.961288],[131.853068,45.337596],[131.968823,45.233984],[132.92122,45.027899],[133.09878,45.10779],[133.179808,45.493813],[133.413489,45.573343],[133.514362,45.879268],[133.658125,45.93451],[133.687374,46.141836],[133.902452,46.258986],[133.845814,46.470653],[134.014796,46.665034],[134.016657,46.819469],[134.154116,47.257892],[134.312866,47.42013],[134.556882,47.471186],[134.772579,47.710732],[134.559362,48.009525],[134.718733,48.263412],[134.542619,48.357308],[134.38635,48.381337],[133.737914,48.251087],[133.524387,48.095438],[133.223733,48.125978],[132.805878,47.936197],[132.524655,47.707528],[132.332418,47.736519],[131.914046,47.667634],[131.603264,47.661536],[131.440896,47.74117],[130.96568,47.703937],[130.906976,47.884262],[130.674742,48.063941],[130.823983,48.294159],[130.529738,48.616258],[130.674328,48.870817],[130.249341,48.864512],[129.926467,49.025691],[129.741775,49.195706],[129.378697,49.425046],[129.115354,49.348772],[128.801678,49.565141],[128.067149,49.546693],[127.854655,49.584881],[127.538654,49.789934],[127.486668,50.02563],[127.590641,50.208719],[127.330656,50.328195],[127.367088,50.577792],[127.287352,50.751012],[126.931766,51.063783],[126.972177,51.324],[126.676898,51.576595],[126.647907,51.741261],[126.43929,51.997861],[126.555975,52.130643],[125.837363,52.90672],[125.476506,53.083505],[125.127432,53.206547],[124.919176,53.193938],[124.880418,53.172518],[124.896231,53.117663],[124.651595,53.208769],[124.408199,53.235692],[124.253066,53.375503],[124.121808,53.352688],[123.701782,53.510068],[123.541895,53.514099]]]]} | B10: China
A11: {"type":"Polygon","coordinates":[[[35.603852,33.240091],[35.480139,33.087387],[35.283665,33.101185],[35.09962,33.087592],[35.062755,32.858344],[34.94752,32.814154],[34.837657,32.280707],[34.711925,31.951606],[34.481204,31.583141],[34.248351,31.211449],[34.733208,30.012588],[34.886729,29.490058],[34.951345,29.54564],[35.086261,30.034034],[35.145276,30.123382],[35.140005,30.430185],[35.438488,31.103736],[35.3957,31.25768],[35.390118,31.487071],[35.164913,31.362273],[34.878832,31.362841],[34.955313,31.61187],[35.181449,31.804106],[35.007713,31.875678],[34.946115,32.177262],[35.044713,32.43412],[35.190751,32.54171],[35.363143,32.51011],[35.392909,32.494478],[35.560961,32.384717],[35.560547,32.640903],[35.612224,32.681546],[35.641369,32.772058],[35.570779,33.012069],[35.603852,33.240091]]]} | B11: Israel
A12: {"type":"MultiPolygon","coordinates":[[[[34.481204,31.583141],[34.200269,31.314267],[34.248351,31.211449],[34.481204,31.583141]]],[[[35.560961,32.384717],[35.392909,32.494478],[35.208631,32.54264],[35.044713,32.43412],[34.946115,32.177262],[35.007713,31.875678],[35.181449,31.804106],[34.955313,31.61187],[34.878832,31.362841],[35.164913,31.362273],[35.390118,31.487071],[35.480139,31.641119],[35.55941,31.765349],[35.522824,32.057838],[35.572536,32.237594],[35.560961,32.384717]]]]} | B12: Palestine
... A258: {"type":"Polygon","coordinates":[[[33.679435,35.033899],[33.578963,35.035485],[33.458815,35.09481],[33.458815,34.977763],[33.519587,35.044115],[33.711461,34.985566],[33.679435,35.033899]]]} | B258: United Nations Buffer Zone in Cyprus
